ORF,Protein Molecules/Cell
YAL001C,1.25E+02
YAL002W,7.36E+02
YAL003W,-
YAL004W,-
YAL005C,2.69E+05
YAL007C,2.63E+04
YAL008W,1.92E+03
YAL009W,8.61E+02
YAL010C,7.68E+02
YAL011W,1.38E+03
YAL012W,3.83E+04
YAL013W,-
YAL014C,-
YAL015C,-
YAL016W,1.69E+04
YAL017W,9.67E+02
YAL018C,-
YAL019W,6.80E+03
YAL020C,-
YAL021C,2.78E+03
YAL022C,2.17E+02
YAL023C,6.51E+03
YAL024C,3.04E+02
YAL025C,-
YAL026C,6.06E+02
YAL027W,1.17E+03
YAL028W,-
YAL029C,2.21E+03
YAL030W,-
YAL031C,2.27E+02
YAL032C,1.67E+03
YAL033W,2.23E+03
YAL034C,-
YAL034W-A,2.61E+03
YAL035C-A,-
YAL035W,1.34E+04
YAL036C,1.17E+04
YAL037W,-
YAL038W,2.91E+05
YAL039C,3.87E+03
YAL040C,-
YAL041W,1.01E+03
YAL042W,-
YAL043C,3.73E+03
YAL043C-A,-
YAL044C,3.51E+03
YAL044W-A,2.38E+02
YAL045C,-
YAL046C,2.59E+02
YAL047C,6.39E+02
YAL048C,-
YAL049C,1.80E+03
YAL051W,9.23E+01
YAL053W,4.14E+02
YAL054C,2.89E+03
YAL055W,2.59E+02
YAL056W,-
YAL058C-A,-
YAL058W,4.76E+03
YAL059W,2.84E+03
YAL060W,8.73E+03
YAL061W,3.09E+03
YAL062W,-
YAL063C,-
YAL064C-A,-
YAL064W,-
YAL064W-B,-
YAL065C,-
YAL066W,-
YAL067C,-
YAL068C,-
YAL069W,-
YAR002C-A,2.07E+04
YAR002W,4.59E+03
YAR003W,9.07E+02
YAR007C,4.10E+03
YAR008W,-
YAR009C,2.22E+03
YAR014C,5.38E+02
YAR015W,4.28E+03
YAR018C,-
YAR019C,2.38E+02
YAR020C,-
YAR023C,-
YAR027W,1.69E+03
YAR028W,1.84E+03
YAR029W,-
YAR030C,-
YAR031W,2.59E+02
YAR033W,-
YAR035W,-
YAR042W,-
YAR044W,8.46E+02
YAR047C,-
YAR050W,-
YAR053W,-
YAR060C,-
YAR061W,-
YAR062W,-
YAR064W,1.52E+03
YAR066W,-
YAR068W,-
YAR069C,-
YAR070C,-
YAR071W,1.46E+03
YAR073W,-
YAR075W,-
YBL001C,1.90E+03
YBL002W,4.43E+05
YBL003C,3.21E+04
YBL004W,-
YBL005W,1.66E+02
YBL006C,-
YBL007C,9.52E+02
YBL008W,8.46E+02
YBL009W,-
YBL010C,1.32E+03
YBL011W,1.05E+03
YBL012C,-
YBL013W,1.07E+03
YBL014C,2.37E+02
YBL015W,4.89E+03
YBL016W,8.48E+03
YBL017C,7.21E+03
YBL018C,4.87E+03
YBL019W,4.14E+02
YBL020W,-
YBL021C,2.51E+03
YBL022C,1.45E+04
YBL023C,1.69E+03
YBL024W,1.61E+04
YBL025W,%
YBL026W,2.21E+03
YBL027W,2.25E+05
YBL028C,6.21E+03
YBL029C-A,9.96E+02
YBL029W,%
YBL030C,-
YBL031W,2.64E+02
YBL032W,1.56E+04
YBL033C,9.52E+03
YBL034C,5.21E+02
YBL035C,1.12E+04
YBL036C,4.89E+03
YBL037W,1.59E+03
YBL038W,2.88E+03
YBL039C,5.76E+04
YBL040C,%
YBL041W,-
YBL042C,%
YBL043W,-
YBL044W,-
YBL045C,1.93E+04
YBL046W,1.01E+03
YBL047C,1.38E+03
YBL048W,-
YBL049W,-
YBL050W,-
YBL051C,4.63E+03
YBL052C,%
YBL053W,-
YBL054W,8.30E+02
YBL055C,1.46E+03
YBL056W,1.97E+04
YBL057C,2.19E+03
YBL058W,3.20E+03
YBL059C-A,2.79E+02
YBL059W,6.23E+02
YBL060W,%
YBL061C,2.58E+03
YBL062W,-
YBL063W,5.69E+01
YBL064C,4.51E+03
YBL065W,-
YBL066C,-
YBL067C,1.25E+02
YBL068W,5.28E+03
YBL069W,-
YBL070C,-
YBL071C,-
YBL071W-A,8.40E+03
YBL072C,1.59E+04
YBL073W,-
YBL074C,7.33E+03
YBL075C,6.44E+03
YBL076C,2.33E+04
YBL077W,-
YBL078C,2.01E+03
YBL079W,1.56E+03
YBL080C,1.39E+03
YBL081W,-
YBL082C,#
YBL083C,-
YBL084C,5.93E+02
YBL085W,1.04E+03
YBL086C,3.96E+02
YBL087C,-
YBL088C,-
YBL089W,-
YBL090W,1.27E+03
YBL091C,1.08E+03
YBL091C-A,3.58E+02
YBL092W,-
YBL093C,6.12E+03
YBL094C,-
YBL095W,7.04E+02
YBL096C,-
YBL097W,7.04E+02
YBL098W,5.56E+02
YBL099W,4.15E+04
YBL100C,-
YBL101C,7.99E+02
YBL102W,2.79E+02
YBL103C,1.05E+03
YBL104C,1.84E+02
YBL105C,-
YBL106C,-
YBL107C,7.68E+02
YBL108C-A,-
YBL108W,-
YBL109W,-
YBL111C,2.79E+02
YBL112C,-
YBL113C,-
YBR001C,2.50E+03
YBR002C,8.97E+03
YBR003W,1.56E+03
YBR004C,-
YBR005W,-
YBR006W,%
YBR007C,3.77E+02
YBR008C,-
YBR009C,5.24E+05
YBR010W,2.13E+05
YBR011C,6.84E+04
YBR012C,-
YBR013C,-
YBR014C,-
YBR015C,6.73E+03
YBR016W,1.76E+03
YBR017C,2.13E+03
YBR018C,-
YBR019C,-
YBR020W,-
YBR021W,-
YBR022W,1.17E+03
YBR023C,1.51E+03
YBR024W,1.48E+03
YBR025C,3.68E+04
YBR026C,1.56E+03
YBR027C,-
YBR028C,1.47E+03
YBR029C,-
YBR030W,7.88E+03
YBR031W,-
YBR032W,-
YBR033W,-
YBR034C,3.76E+04
YBR035C,-
YBR036C,#
YBR037C,2.55E+03
YBR038W,-
YBR039W,2.81E+04
YBR040W,-
YBR041W,1.69E+04
YBR042C,2.01E+03
YBR043C,2.79E+02
YBR044C,-
YBR045C,-
YBR046C,-
YBR047W,2.16E+03
YBR048W,1.20E+03
YBR049C,7.51E+03
YBR050C,-
YBR051W,-
YBR052C,7.06E+03
YBR053C,4.19E+03
YBR054W,1.95E+03
YBR055C,2.25E+03
YBR056W,1.96E+03
YBR057C,3.40E+03
YBR058C,3.04E+03
YBR058C-A,-
YBR059C,3.00E+03
YBR060C,1.70E+03
YBR061C,4.11E+03
YBR062C,1.95E+02
YBR063C,-
YBR064W,-
YBR065C,4.26E+03
YBR066C,7.04E+02
YBR067C,3.56E+04
YBR068C,8.66E+03
YBR069C,5.04E+02
YBR070C,3.39E+02
YBR071W,1.20E+03
YBR072W,1.93E+04
YBR073W,1.27E+03
YBR074W,-
YBR075W,-
YBR076W,-
YBR077C,3.49E+03
YBR078W,-
YBR079C,5.27E+04
YBR080C,5.92E+03
YBR081C,2.36E+03
YBR082C,1.35E+04
YBR083W,5.30E+02
YBR084C-A,9.77E+04
YBR084W,1.14E+04
YBR085C-A,-
YBR085W,1.08E+03
YBR086C,#
YBR087W,5.04E+03
YBR088C,-
YBR089C-A,4.59E+03
YBR089W,-
YBR090C,-
YBR091C,-
YBR092C,9.52E+02
YBR093C,1.11E+03
YBR094W,1.77E+03
YBR095C,1.63E+03
YBR096W,1.95E+03
YBR097W,2.79E+02
YBR098W,-
YBR099C,-
YBR100W,%
YBR101C,1.31E+04
YBR102C,-
YBR103C-A,-
YBR103W,1.62E+03
YBR104W,1.05E+03
YBR105C,6.65E+03
YBR106W,6.18E+04
YBR107C,1.25E+02
YBR108W,-
YBR109C,-
YBR110W,1.89E+03
YBR111C,7.33E+03
YBR112C,3.89E+03
YBR113W,-
YBR114W,3.58E+02
YBR115C,7.43E+03
YBR116C,-
YBR117C,1.49E+02
YBR118W,4.50E+02
YBR119W,2.95E+03
YBR120C,2.13E+03
YBR121C,9.84E+04
YBR122C,%
YBR123C,1.58E+04
YBR124W,-
YBR125C,1.49E+02
YBR126C,1.09E+04
YBR127C,1.31E+05
YBR128C,-
YBR129C,1.56E+03
YBR130C,1.01E+03
YBR131W,2.87E+03
YBR132C,-
YBR133C,1.18E+03
YBR134W,-
YBR135W,8.78E+03
YBR136W,-
YBR137W,1.20E+03
YBR138C,1.95E+02
YBR139W,1.42E+03
YBR140C,-
YBR141C,6.23E+02
YBR142W,9.81E+02
YBR143C,1.31E+04
YBR144C,-
YBR145W,1.31E+03
YBR146W,-
YBR147W,-
YBR148W,-
YBR149W,3.02E+04
YBR150C,5.73E+02
YBR151W,2.00E+03
YBR152W,2.51E+03
YBR153W,-
YBR154C,-
YBR155W,6.72E+02
YBR156C,3.19E+02
YBR157C,-
YBR158W,2.02E+03
YBR159W,4.19E+04
YBR160W,6.67E+03
YBR161W,1.95E+02
YBR162C,1.23E+04
YBR162W-A,8.46E+02
YBR163W,1.42E+03
YBR164C,5.19E+03
YBR165W,-
YBR166C,2.18E+03
YBR167C,%
YBR168W,#
YBR169C,6.30E+03
YBR170C,1.05E+03
YBR171W,7.82E+03
YBR172C,4.86E+02
YBR173C,2.74E+03
YBR174C,-
YBR175W,#
YBR176W,1.42E+03
YBR177C,2.55E+03
YBR178W,-
YBR179C,1.01E+03
YBR180W,-
YBR181C,3.88E+04
YBR182C,-
YBR183W,-
YBR184W,-
YBR185C,2.72E+03
YBR186W,-
YBR187W,2.17E+03
YBR188C,1.43E+03
YBR189W,6.33E+04
YBR190W,-
YBR191W,-
YBR191W-A,-
YBR192W,-
YBR193C,9.37E+02
YBR194W,%
YBR195C,1.49E+02
YBR196C,9.16E+04
YBR197C,1.36E+03
YBR198C,1.48E+04
YBR199W,5.24E+03
YBR200W,6.49E+03
YBR201W,2.38E+02
YBR202W,1.66E+02
YBR203W,-
YBR204C,-
YBR205W,7.04E+02
YBR206W,-
YBR207W,4.86E+02
YBR208C,9.52E+02
YBR209W,-
YBR210W,-
YBR211C,1.63E+03
YBR212W,1.54E+03
YBR213W,-
YBR214W,2.84E+03
YBR215W,2.38E+02
YBR216C,3.06E+03
YBR217W,-
YBR218C,1.70E+04
YBR219C,-
YBR220C,-
YBR221C,9.97E+03
YBR222C,8.77E+03
YBR223C,2.13E+03
YBR224W,-
YBR225W,6.23E+02
YBR226C,-
YBR227C,1.09E+04
YBR228W,-
YBR229C,2.38E+02
YBR230C,4.75E+03
YBR231C,1.68E+03
YBR232C,-
YBR233W,1.59E+03
YBR233W-A,4.68E+02
YBR234C,#
YBR235W,%
YBR236C,-
YBR237W,3.58E+02
YBR238C,2.08E+03
YBR239C,8.55E+01
YBR240C,-
YBR241C,#
YBR242W,2.73E+03
YBR243C,-
YBR244W,2.01E+03
YBR245C,1.50E+03
YBR246W,2.64E+03
YBR247C,2.16E+04
YBR248C,1.18E+04
YBR249C,2.63E+04
YBR250W,-
YBR251W,6.68E+03
YBR252W,4.34E+03
YBR253W,2.18E+03
YBR254C,1.20E+03
YBR255W,3.96E+02
YBR256C,7.30E+03
YBR257W,-
YBR258C,1.52E+03
YBR259W,%
YBR260C,1.50E+03
YBR261C,3.06E+03
YBR262C,2.55E+03
YBR263W,1.77E+04
YBR264C,1.36E+03
YBR265W,7.70E+03
YBR266C,3.39E+02
YBR267W,8.30E+02
YBR268W,1.10E+03
YBR269C,-
YBR270C,-
YBR271W,2.17E+02
YBR272C,4.68E+02
YBR273C,2.19E+03
YBR274W,2.53E+03
YBR275C,%
YBR276C,-
YBR277C,-
YBR278W,7.84E+02
YBR279W,1.04E+03
YBR280C,-
YBR281C,1.94E+03
YBR282W,2.25E+03
YBR283C,7.04E+02
YBR284W,-
YBR285W,-
YBR286W,4.74E+03
YBR287W,6.44E+03
YBR288C,3.41E+03
YBR289W,2.17E+02
YBR290W,3.07E+03
YBR291C,-
YBR292C,-
YBR293W,-
YBR294W,-
YBR295W,-
YBR296C,-
YBR297W,-
YBR298C,-
YBR299W,4.03E+03
YBR300C,-
YBR301W,-
YBR302C,%
YCL001W,2.84E+03
YCL001W-A,-
YCL001W-B,-
YCL002C,-
YCL004W,-
YCL005W,1.49E+02
YCL007C,-
YCL008C,1.36E+03
YCL009C,1.58E+04
YCL010C,1.75E+03
YCL011C,2.54E+03
YCL014W,#
YCL016C,1.66E+03
YCL017C,5.04E+02
YCL018W,-
YCL021W-A,-
YCL022C,-
YCL023C,-
YCL024W,5.38E+02
YCL025C,2.11E+04
YCL026C-A,-
YCL027C-A,%
YCL027W,-
YCL028W,1.14E+03
YCL029C,3.00E+02
YCL030C,5.21E+02
YCL031C,2.61E+03
YCL032W,1.67E+03
YCL033C,7.99E+02
YCL034W,%
YCL035C,3.03E+03
YCL036W,-
YCL037C,8.43E+03
YCL038C,-
YCL039W,1.20E+03
YCL040W,2.11E+04
YCL041C,-
YCL042W,-
YCL043C,%
YCL044C,3.41E+03
YCL045C,2.84E+03
YCL046W,-
YCL047C,8.30E+02
YCL048W,-
YCL049C,6.56E+02
YCL050C,1.96E+04
YCL051W,-
YCL052C,4.93E+03
YCL054W,-
YCL055W,1.69E+03
YCL056C,-
YCL057W,8.91E+03
YCL058C,-
YCL059C,4.34E+03
YCL061C,7.21E+02
YCL063W,#
YCL064C,3.66E+04
YCL065W,-
YCL066W,-
YCL067C,-
YCL068C,-
YCL069W,-
YCL073C,-
YCL075W,-
YCL076W,-
YCR001W,-
YCR002C,1.41E+04
YCR003W,1.69E+03
YCR004C,1.46E+04
YCR005C,2.31E+03
YCR006C,-
YCR007C,-
YCR008W,1.03E+03
YCR009C,7.39E+03
YCR010C,-
YCR011C,3.39E+02
YCR012W,3.14E+05
YCR013C,-
YCR014C,-
YCR015C,-
YCR016W,1.85E+03
YCR017C,-
YCR018C,2.10E+03
YCR018C-A,-
YCR019W,-
YCR020C,1.95E+02
YCR020C-A,2.14E+03
YCR020W-B,3.55E+03
YCR021C,7.80E+03
YCR022C,-
YCR023C,%
YCR024C,7.84E+02
YCR024C-A,1.24E+05
YCR025C,-
YCR026C,3.42E+03
YCR027C,1.60E+03
YCR028C,-
YCR028C-A,3.06E+03
YCR030C,4.28E+03
YCR031C,2.96E+04
YCR032W,-
YCR033W,3.96E+02
YCR034W,3.51E+03
YCR035C,3.18E+03
YCR036W,1.78E+03
YCR037C,5.04E+02
YCR038C,2.11E+03
YCR038W-A,-
YCR039C,%
YCR040W,-
YCR041W,-
YCR042C,1.16E+03
YCR043C,4.24E+03
YCR044C,3.05E+03
YCR045C,-
YCR046C,4.15E+03
YCR047C,1.62E+03
YCR048W,#
YCR049C,-
YCR050C,-
YCR051W,7.84E+02
YCR052W,2.47E+03
YCR053W,2.60E+04
YCR054C,8.97E+03
YCR057C,1.67E+04
YCR059C,3.03E+03
YCR060W,1.66E+03
YCR061W,-
YCR063W,1.90E+03
YCR064C,-
YCR065W,3.58E+02
YCR066W,2.06E+02
YCR067C,%
YCR068W,3.06E+03
YCR069W,%
YCR071C,1.71E+03
YCR072C,-
YCR073C,5.69E+01
YCR073W-A,1.16E+03
YCR075C,-
YCR076C,3.58E+02
YCR077C,6.56E+02
YCR079W,4.32E+02
YCR081W,1.73E+03
YCR082W,9.81E+02
YCR083W,1.01E+03
YCR084C,5.84E+03
YCR085W,-
YCR086W,1.92E+03
YCR087C-A,3.43E+03
YCR087W,-
YCR088W,6.06E+02
YCR089W,-
YCR090C,3.97E+03
YCR091W,-
YCR092C,7.36E+02
YCR093W,4.30E+03
YCR094W,5.89E+02
YCR095C,5.37E+03
YCR096C,-
YCR097W,-
YCR097W-A,-
YCR098C,-
YCR099C,-
YCR100C,-
YCR101C,-
YCR102C,-
YCR102W-A,-
YCR104W,-
YCR105W,2.87E+03
YCR106W,-
YCR107W,-
YDL001W,9.52E+02
YDL002C,1.76E+03
YDL003W,1.04E+03
YDL004W,-
YDL005C,1.08E+04
YDL006W,1.52E+03
YDL007W,-
YDL008W,3.77E+02
YDL009C,-
YDL010W,1.64E+03
YDL011C,-
YDL012C,2.25E+03
YDL013W,-
YDL014W,-
YDL015C,2.36E+04
YDL016C,-
YDL017W,1.60E+03
YDL018C,3.19E+03
YDL019C,1.07E+03
YDL020C,%
YDL021W,2.02E+03
YDL022W,8.07E+02
YDL023C,-
YDL024C,-
YDL025C,8.61E+02
YDL026W,-
YDL027C,4.50E+02
YDL028C,%
YDL029W,6.65E+03
YDL030W,3.92E+03
YDL031W,-
YDL032W,-
YDL033C,1.51E+03
YDL034W,-
YDL035C,-
YDL036C,6.39E+02
YDL037C,-
YDL038C,-
YDL039C,-
YDL040C,7.60E+03
YDL041W,-
YDL042C,3.35E+03
YDL043C,3.46E+03
YDL044C,2.06E+03
YDL045C,#
YDL045W-A,2.59E+02
YDL046W,2.84E+03
YDL047W,3.97E+03
YDL048C,6.23E+02
YDL049C,-
YDL050C,-
YDL051W,-
YDL052C,#
YDL053C,1.56E+03
YDL054C,-
YDL055C,9.71E+04
YDL056W,5.21E+02
YDL057W,%
YDL058W,2.33E+03
YDL059C,4.68E+02
YDL060W,1.39E+03
YDL061C,5.41E+03
YDL062W,-
YDL063C,2.60E+03
YDL064W,2.60E+03
YDL065C,5.35E+03
YDL066W,-
YDL067C,3.55E+04
YDL068W,-
YDL069C,5.56E+02
YDL070W,2.93E+03
YDL071C,-
YDL072C,2.84E+03
YDL073W,-
YDL074C,2.98E+03
YDL075W,-
YDL076C,3.06E+03
YDL077C,3.19E+02
YDL078C,3.30E+03
YDL079C,-
YDL080C,2.14E+03
YDL081C,-
YDL082W,1.33E+05
YDL083C,-
YDL084W,5.17E+04
YDL085C-A,8.76E+02
YDL085W,-
YDL086W,-
YDL087C,2.27E+03
YDL088C,2.74E+03
YDL089W,6.06E+02
YDL090C,3.91E+03
YDL091C,2.33E+02
YDL092W,8.00E+03
YDL093W,-
YDL094C,-
YDL095W,4.15E+04
YDL096C,-
YDL097C,1.68E+04
YDL098C,9.07E+02
YDL099W,5.22E+03
YDL100C,1.73E+04
YDL101C,3.48E+03
YDL102W,-
YDL103C,5.48E+03
YDL104C,1.40E+03
YDL105W,#
YDL106C,6.42E+03
YDL107W,7.36E+02
YDL108W,4.40E+03
YDL109C,1.95E+02
YDL110C,2.11E+03
YDL111C,7.11E+03
YDL112W,8.61E+02
YDL113C,3.58E+02
YDL114W,-
YDL114W-A,-
YDL115C,1.08E+03
YDL116W,8.58E+03
YDL117W,3.77E+02
YDL118W,-
YDL119C,1.55E+03
YDL120W,1.56E+03
YDL121C,3.26E+03
YDL122W,8.97E+03
YDL123W,6.78E+03
YDL124W,4.03E+03
YDL125C,5.41E+03
YDL126C,7.84E+04
YDL127W,-
YDL128W,7.77E+03
YDL129W,4.50E+02
YDL130W,2.24E+04
YDL130W-A,%
YDL131W,2.19E+04
YDL132W,3.77E+02
YDL133C-A,4.91E+03
YDL133W,-
YDL134C,5.62E+03
YDL135C,1.67E+03
YDL136W,1.91E+04
YDL137W,2.50E+04
YDL138W,#
YDL139C,5.56E+02
YDL140C,#
YDL141W,1.97E+03
YDL142C,8.76E+02
YDL143W,5.53E+03
YDL144C,5.17E+03
YDL145C,1.52E+04
YDL146W,3.29E+02
YDL147W,5.71E+03
YDL148C,-
YDL149W,#
YDL150W,9.98E+02
YDL151C,-
YDL152W,-
YDL153C,-
YDL154W,-
YDL155W,8.92E+02
YDL156W,3.81E+03
YDL157C,7.52E+02
YDL158C,-
YDL159W,6.72E+02
YDL159W-A,-
YDL160C,4.29E+04
YDL161W,%
YDL162C,-
YDL163W,-
YDL164C,1.49E+02
YDL165W,2.12E+03
YDL166C,8.35E+03
YDL167C,3.57E+03
YDL168W,8.37E+03
YDL169C,-
YDL170W,1.20E+03
YDL171C,1.89E+04
YDL172C,-
YDL173W,1.14E+03
YDL174C,1.08E+04
YDL175C,1.80E+03
YDL176W,3.39E+02
YDL177C,9.07E+02
YDL178W,1.14E+04
YDL179W,-
YDL180W,-
YDL181W,9.81E+02
YDL182W,2.81E+04
YDL183C,-
YDL184C,1.19E+04
YDL185C-A,-
YDL185W,2.00E+05
YDL186W,-
YDL187C,-
YDL188C,4.11E+03
YDL189W,8.92E+02
YDL190C,2.60E+03
YDL191W,-
YDL192W,1.93E+04
YDL193W,-
YDL194W,-
YDL195W,1.84E+03
YDL196W,-
YDL197C,1.91E+03
YDL198C,-
YDL199C,-
YDL200C,-
YDL201W,2.63E+03
YDL202W,6.07E+03
YDL203C,9.89E+01
YDL204W,%
YDL205C,8.48E+03
YDL206W,-
YDL207W,1.04E+03
YDL208W,-
YDL209C,2.65E+03
YDL210W,-
YDL211C,3.36E+03
YDL212W,6.51E+03
YDL213C,8.97E+03
YDL214C,-
YDL215C,7.40E+03
YDL216C,%
YDL217C,-
YDL218W,-
YDL219W,4.61E+03
YDL220C,3.19E+02
YDL221W,-
YDL222C,3.29E+02
YDL223C,-
YDL224C,-
YDL225W,5.62E+03
YDL226C,9.56E+03
YDL227C,%
YDL228C,%
YDL229W,1.70E+05
YDL230W,2.69E+03
YDL231C,-
YDL232W,2.43E+03
YDL233W,1.01E+03
YDL234C,2.46E+03
YDL235C,6.33E+03
YDL236W,2.98E+03
YDL237W,-
YDL238C,2.79E+02
YDL239C,-
YDL240C-A,-
YDL240W,4.68E+02
YDL241W,1.30E+03
YDL242W,-
YDL243C,-
YDL244W,-
YDL245C,-
YDL246C,-
YDL247W,-
YDL247W-A,-
YDL248W,-
YDR001C,1.84E+03
YDR002W,-
YDR003W,1.23E+03
YDR004W,2.38E+02
YDR005C,1.72E+03
YDR006C,-
YDR007W,1.85E+03
YDR008C,-
YDR009W,7.21E+02
YDR010C,-
YDR011W,1.30E+03
YDR012W,1.51E+05
YDR013W,1.43E+03
YDR014W,7.21E+02
YDR015C,-
YDR016C,7.99E+02
YDR017C,1.94E+03
YDR018C,-
YDR019C,4.09E+03
YDR020C,4.28E+03
YDR021W,3.09E+03
YDR022C,4.86E+02
YDR023W,-
YDR024W,-
YDR025W,#
YDR026C,4.32E+02
YDR027C,2.54E+03
YDR028C,2.56E+03
YDR029W,-
YDR030C,-
YDR031W,-
YDR032C,2.33E+03
YDR033W,1.82E+05
YDR034C,4.50E+02
YDR034C-A,-
YDR034W-B,8.61E+02
YDR035W,8.97E+03
YDR036C,3.95E+03
YDR037W,-
YDR038C,6.06E+02
YDR039C,6.39E+02
YDR040C,6.88E+02
YDR041W,8.48E+03
YDR042C,-
YDR043C,5.56E+02
YDR044W,2.20E+04
YDR045C,-
YDR046C,%
YDR047W,9.22E+03
YDR048C,-
YDR049W,3.93E+03
YDR050C,2.07E+05
YDR051C,3.17E+03
YDR052C,%
YDR053W,-
YDR054C,8.17E+03
YDR055W,1.17E+04
YDR056C,1.60E+03
YDR057W,-
YDR058C,-
YDR059C,9.81E+02
YDR060W,1.50E+04
YDR061W,1.58E+03
YDR062W,5.45E+04
YDR063W,3.04E+03
YDR064W,-
YDR065W,1.67E+03
YDR066C,1.05E+03
YDR067C,%
YDR068W,3.27E+03
YDR069C,4.28E+02
YDR070C,9.37E+02
YDR071C,8.68E+03
YDR072C,6.06E+02
YDR073W,1.03E+03
YDR074W,2.27E+04
YDR075W,2.84E+03
YDR076W,1.05E+03
YDR077W,1.63E+03
YDR078C,-
YDR079C-A,#
YDR079W,4.68E+02
YDR080W,1.17E+03
YDR081C,5.72E+02
YDR082W,-
YDR083W,2.78E+03
YDR084C,1.04E+03
YDR085C,-
YDR086C,-
YDR087C,6.96E+03
YDR088C,1.49E+03
YDR089W,1.72E+02
YDR090C,%
YDR091C,6.28E+03
YDR092W,8.97E+03
YDR093W,%
YDR094W,-
YDR095C,-
YDR096W,4.32E+02
YDR097C,5.33E+03
YDR098C,1.10E+04
YDR099W,4.76E+04
YDR100W,4.54E+03
YDR101C,4.51E+04
YDR102C,-
YDR103W,1.90E+03
YDR104C,-
YDR105C,%
YDR106W,-
YDR107C,-
YDR108W,8.76E+03
YDR109C,%
YDR110W,1.51E+03
YDR111C,3.48E+03
YDR112W,-
YDR113C,-
YDR114C,-
YDR115W,1.95E+02
YDR116C,7.01E+03
YDR117C,3.87E+03
YDR118W,1.33E+03
YDR119W,-
YDR120C,1.55E+04
YDR121W,2.10E+03
YDR122W,2.79E+02
YDR123C,7.84E+02
YDR124W,3.51E+03
YDR125C,1.43E+02
YDR126W,-
YDR127W,6.42E+03
YDR128W,5.56E+02
YDR129C,3.51E+03
YDR130C,-
YDR131C,-
YDR132C,1.72E+02
YDR133C,-
YDR134C,-
YDR135C,3.96E+02
YDR136C,-
YDR137W,5.89E+02
YDR138W,1.34E+03
YDR139C,1.31E+03
YDR140W,3.39E+03
YDR141C,2.70E+03
YDR142C,5.89E+02
YDR143C,1.72E+02
YDR144C,5.38E+02
YDR145W,9.30E+02
YDR146C,6.88E+02
YDR147W,3.42E+03
YDR148C,7.97E+03
YDR149C,-
YDR150W,%
YDR151C,-
YDR152W,1.03E+04
YDR153C,8.10E+03
YDR154C,-
YDR155C,8.60E+04
YDR156W,3.10E+03
YDR157W,-
YDR158W,1.84E+04
YDR159W,3.39E+02
YDR160W,-
YDR161W,1.63E+03
YDR162C,5.21E+02
YDR163W,-
YDR164C,6.39E+02
YDR165W,5.91E+03
YDR166C,3.40E+03
YDR167W,3.37E+03
YDR168W,1.02E+04
YDR169C,6.39E+02
YDR170C,3.67E+03
YDR170W-A,2.91E+03
YDR171W,1.47E+03
YDR172W,7.89E+04
YDR173C,2.72E+03
YDR174W,1.90E+04
YDR175C,3.15E+03
YDR176W,2.47E+03
YDR177W,8.94E+03
YDR178W,7.92E+03
YDR179C,3.58E+02
YDR179W-A,2.59E+02
YDR180W,3.31E+03
YDR181C,7.68E+02
YDR182W,5.83E+02
YDR183W,2.25E+03
YDR184C,8.46E+02
YDR185C,6.72E+02
YDR186C,1.95E+02
YDR187C,-
YDR188W,-
YDR189W,5.78E+03
YDR190C,1.16E+04
YDR191W,3.77E+02
YDR192C,-
YDR193W,-
YDR194C,1.03E+04
YDR195W,7.45E+03
YDR196C,1.66E+03
YDR197W,2.14E+03
YDR198C,7.68E+02
YDR199W,-
YDR200C,3.77E+02
YDR201W,6.39E+02
YDR202C,2.86E+03
YDR203W,-
YDR204W,-
YDR205W,1.07E+03
YDR206W,-
YDR207C,2.17E+02
YDR208W,-
YDR209C,-
YDR210W,1.31E+04
YDR211W,3.38E+04
YDR212W,-
YDR213W,7.52E+02
YDR214W,1.39E+04
YDR215C,-
YDR216W,%
YDR217C,4.00E+02
YDR218C,-
YDR219C,1.36E+03
YDR220C,-
YDR221W,9.76E+03
YDR222W,1.01E+03
YDR223W,-
YDR224C,#
YDR225W,-
YDR226W,1.23E+05
YDR227W,#
YDR228C,2.80E+03
YDR229W,2.84E+03
YDR230W,-
YDR231C,%
YDR232W,2.26E+04
YDR233C,3.71E+04
YDR234W,7.35E+03
YDR235W,1.73E+03
YDR236C,8.30E+02
YDR237W,-
YDR238C,2.60E+04
YDR239C,1.55E+02
YDR240C,3.61E+02
YDR241W,-
YDR242W,-
YDR243C,#
YDR244W,2.07E+03
YDR245W,6.28E+03
YDR246W,3.13E+03
YDR247W,7.84E+02
YDR248C,5.04E+02
YDR249C,-
YDR250C,%
YDR251W,3.00E+02
YDR252W,1.82E+03
YDR253C,#
YDR254W,6.06E+02
YDR255C,-
YDR256C,6.23E+02
YDR257C,4.01E+03
YDR258C,2.99E+03
YDR259C,1.35E+03
YDR260C,-
YDR261C,2.41E+03
YDR262W,4.85E+03
YDR263C,-
YDR264C,4.07E+03
YDR265W,-
YDR266C,1.91E+03
YDR267C,5.64E+03
YDR268W,6.72E+02
YDR269C,-
YDR270W,-
YDR271C,-
YDR272W,1.37E+04
YDR273W,-
YDR274C,-
YDR275W,9.22E+02
YDR276C,#
YDR277C,%
YDR278C,-
YDR279W,2.34E+03
YDR280W,4.80E+03
YDR281C,-
YDR282C,-
YDR283C,2.79E+02
YDR284C,3.04E+03
YDR285W,3.91E+02
YDR286C,-
YDR287W,-
YDR288W,2.54E+03
YDR289C,3.93E+03
YDR290W,-
YDR291W,2.59E+02
YDR292C,2.00E+03
YDR293C,1.10E+03
YDR294C,1.31E+04
YDR295C,1.50E+03
YDR296W,2.61E+03
YDR297W,5.43E+04
YDR298C,3.24E+04
YDR299W,1.54E+04
YDR300C,1.04E+04
YDR301W,6.39E+02
YDR302W,#
YDR303C,1.75E+03
YDR304C,-
YDR305C,1.92E+03
YDR306C,-
YDR307W,#
YDR308C,1.39E+03
YDR309C,1.13E+03
YDR310C,1.49E+02
YDR311W,5.15E+03
YDR312W,1.35E+03
YDR313C,1.95E+02
YDR314C,7.86E+01
YDR315C,-
YDR316W,5.04E+02
YDR317W,-
YDR318W,9.52E+02
YDR319C,%
YDR320C,7.68E+02
YDR320C-A,9.67E+02
YDR321W,-
YDR322C-A,4.59E+03
YDR322W,7.70E+03
YDR323C,7.68E+02
YDR324C,5.44E+03
YDR325W,1.92E+03
YDR326C,%
YDR327W,-
YDR328C,-
YDR329C,1.40E+03
YDR330W,6.63E+03
YDR331W,1.56E+03
YDR332W,1.72E+02
YDR333C,3.39E+02
YDR334W,6.56E+02
YDR335W,3.50E+03
YDR336W,-
YDR337W,6.96E+03
YDR338C,1.95E+02
YDR339C,-
YDR340W,-
YDR341C,2.06E+04
YDR342C,7.35E+03
YDR343C,-
YDR344C,-
YDR345C,3.72E+04
YDR346C,4.52E+04
YDR347W,2.84E+03
YDR348C,1.48E+03
YDR349C,1.49E+02
YDR350C,-
YDR351W,-
YDR352W,6.35E+03
YDR353W,2.92E+05
YDR354W,1.76E+03
YDR355C,-
YDR356W,2.79E+02
YDR357C,5.89E+02
YDR358W,6.56E+02
YDR359C,-
YDR360W,-
YDR361C,4.59E+03
YDR362C,1.13E+03
YDR363W,1.89E+03
YDR363W-A,5.59E+03
YDR364C,1.63E+03
YDR365C,6.56E+02
YDR366C,-
YDR367W,3.42E+03
YDR368W,1.41E+04
YDR369C,3.58E+02
YDR370C,1.04E+03
YDR371W,3.05E+03
YDR372C,1.85E+03
YDR373W,7.16E+03
YDR374C,-
YDR375C,1.99E+03
YDR376W,1.60E+03
YDR377W,1.46E+04
YDR378C,-
YDR379C-A,8.61E+02
YDR379W,2.54E+02
YDR380W,6.56E+03
YDR381W,-
YDR382W,6.02E+05
YDR383C,-
YDR384C,#
YDR385W,7.81E+04
YDR386W,3.00E+02
YDR387C,-
YDR388W,1.46E+04
YDR389W,1.42E+03
YDR390C,1.88E+04
YDR391C,6.02E+03
YDR392W,1.71E+03
YDR393W,2.79E+02
YDR394W,-
YDR395W,1.63E+04
YDR396W,-
YDR397C,2.95E+03
YDR398W,3.31E+04
YDR399W,3.65E+04
YDR400W,#
YDR401W,-
YDR402C,-
YDR403W,-
YDR404C,6.42E+03
YDR405W,2.17E+03
YDR406W,-
YDR407C,2.59E+02
YDR408C,3.91E+03
YDR409W,1.49E+02
YDR410C,2.69E+03
YDR411C,#
YDR412W,2.95E+03
YDR413C,-
YDR414C,-
YDR415C,-
YDR416W,2.17E+03
YDR417C,-
YDR418W,5.03E+04
YDR419W,1.86E+03
YDR420W,#
YDR421W,3.19E+02
YDR422C,6.23E+02
YDR423C,6.23E+02
YDR424C,1.31E+03
YDR425W,1.80E+03
YDR426C,-
YDR427W,1.24E+04
YDR428C,-
YDR429C,-
YDR430C,6.14E+03
YDR431W,-
YDR432W,7.87E+04
YDR433W,-
YDR434W,7.52E+03
YDR435C,-
YDR436W,1.89E+02
YDR437W,7.52E+02
YDR438W,-
YDR439W,1.39E+03
YDR440W,2.16E+03
YDR441C,9.37E+02
YDR442W,-
YDR443C,%
YDR444W,2.07E+03
YDR445C,-
YDR446W,-
YDR447C,3.05E+04
YDR448W,1.72E+03
YDR449C,7.52E+03
YDR450W,4.81E+04
YDR451C,%
YDR452W,3.19E+02
YDR453C,4.82E+03
YDR454C,2.05E+04
YDR455C,-
YDR456W,5.21E+02
YDR457W,3.58E+02
YDR458C,1.25E+03
YDR459C,-
YDR460W,3.05E+03
YDR461W,2.89E+04
YDR462W,6.28E+03
YDR463W,1.31E+03
YDR464W,-
YDR465C,1.60E+03
YDR466W,-
YDR467C,-
YDR468C,-
YDR469W,9.37E+02
YDR470C,-
YDR471W,2.29E+04
YDR472W,8.35E+03
YDR473C,4.32E+02
YDR474C,2.13E+03
YDR475C,-
YDR476C,2.12E+03
YDR477W,5.89E+02
YDR478W,1.72E+02
YDR479C,5.04E+03
YDR480W,1.31E+03
YDR481C,3.06E+03
YDR482C,5.56E+02
YDR483W,1.30E+04
YDR484W,3.13E+03
YDR485C,3.58E+02
YDR486C,2.11E+03
YDR487C,5.46E+03
YDR488C,7.52E+02
YDR489W,-
YDR490C,-
YDR491C,-
YDR492W,#
YDR493W,2.79E+02
YDR494W,-
YDR495C,2.27E+03
YDR496C,2.15E+04
YDR497C,#
YDR498C,4.91E+03
YDR499W,6.06E+02
YDR500C,1.97E+04
YDR501W,-
YDR502C,2.20E+04
YDR503C,3.00E+02
YDR504C,-
YDR505C,2.59E+02
YDR506C,5.89E+02
YDR507C,7.36E+02
YDR508C,1.06E+04
YDR509W,-
YDR510W,2.94E+03
YDR511W,1.95E+02
YDR512C,-
YDR513W,3.14E+04
YDR514C,1.25E+02
YDR515W,8.61E+02
YDR516C,1.06E+04
YDR517W,2.73E+03
YDR518W,-
YDR519W,5.40E+03
YDR520C,9.37E+02
YDR521W,-
YDR522C,2.38E+02
YDR523C,-
YDR524C,3.96E+02
YDR525W,-
YDR525W-A,2.04E+04
YDR526C,-
YDR527W,6.88E+02
YDR528W,2.59E+02
YDR529C,1.01E+04
YDR530C,1.77E+03
YDR531W,6.19E+03
YDR532C,3.77E+02
YDR533C,3.58E+02
YDR534C,-
YDR535C,-
YDR536W,-
YDR537C,-
YDR538W,1.75E+03
YDR539W,8.61E+02
YDR540C,1.72E+02
YDR541C,-
YDR542W,-
YDR543C,-
YDR544C,-
YDR545W,-
YEL001C,7.11E+03
YEL002C,1.49E+04
YEL003W,1.66E+03
YEL004W,-
YEL005C,%
YEL006W,1.63E+03
YEL007W,1.71E+03
YEL008W,%
YEL009C,%
YEL010W,-
YEL011W,1.23E+03
YEL012W,1.59E+03
YEL013W,5.68E+03
YEL014C,-
YEL015W,2.34E+03
YEL016C,%
YEL017C-A,7.47E+04
YEL017W,1.30E+03
YEL018W,9.37E+02
YEL019C,2.80E+03
YEL020C,-
YEL020W-A,-
YEL021W,-
YEL022W,7.70E+03
YEL023C,-
YEL024W,-
YEL025C,-
YEL026W,-
YEL027W,8.45E+03
YEL028W,-
YEL029C,%
YEL030W,-
YEL031W,1.87E+03
YEL032W,3.51E+04
YEL033W,-
YEL034W,-
YEL035C,-
YEL036C,-
YEL037C,1.09E+04
YEL038W,2.85E+03
YEL039C,1.31E+03
YEL040W,#
YEL041W,3.00E+02
YEL042W,8.68E+03
YEL043W,1.49E+02
YEL044W,1.72E+03
YEL045C,-
YEL046C,1.06E+05
YEL047C,7.62E+03
YEL048C,8.66E+03
YEL049W,-
YEL050C,1.58E+03
YEL051W,8.50E+03
YEL052W,3.57E+03
YEL053C,1.97E+03
YEL054C,6.85E+04
YEL055C,4.49E+03
YEL056W,-
YEL057C,-
YEL058W,1.47E+04
YEL059C-A,3.58E+02
YEL059W,-
YEL060C,1.60E+03
YEL061C,2.38E+02
YEL062W,3.19E+02
YEL063C,#
YEL064C,-
YEL065W,-
YEL066W,1.16E+03
YEL067C,-
YEL068C,9.52E+02
YEL069C,-
YEL070W,1.25E+02
YEL071W,1.30E+04
YEL072W,-
YEL073C,-
YEL074W,-
YEL075C,-
YEL076C,-
YEL076C-A,-
YEL076W-C,-
YEL077C,-
YER001W,1.78E+03
YER002W,2.86E+03
YER003C,5.22E+03
YER004W,1.34E+03
YER005W,4.50E+02
YER006W,7.13E+03
YER007C-A,4.22E+03
YER007W,2.14E+03
YER008C,3.77E+02
YER009W,-
YER010C,8.46E+02
YER011W,6.23E+02
YER012W,2.18E+04
YER013W,9.07E+02
YER014C-A,-
YER014W,5.35E+03
YER015W,3.58E+02
YER016W,3.63E+03
YER017C,3.87E+03
YER018C,3.28E+03
YER019C-A,4.14E+02
YER019W,2.17E+03
YER020W,4.57E+03
YER021W,1.67E+04
YER022W,3.65E+03
YER023W,4.35E+04
YER024W,3.19E+02
YER025W,2.08E+04
YER026C,%
YER027C,3.59E+03
YER028C,-
YER029C,8.61E+02
YER030W,6.23E+02
YER031C,5.96E+03
YER032W,%
YER033C,-
YER034W,1.10E+03
YER035W,5.38E+02
YER036C,1.76E+04
YER037W,1.95E+02
YER038C,%
YER039C,-
YER039C-A,9.89E+01
YER040W,5.89E+02
YER041W,1.31E+02
YER042W,3.07E+03
YER043C,-
YER044C,3.77E+02
YER044C-A,-
YER045C,-
YER046W,-
YER047C,3.00E+02
YER048C,-
YER048W-A,2.44E+03
YER049W,8.91E+03
YER050C,1.21E+03
YER051W,7.84E+02
YER052C,4.81E+04
YER053C,-
YER053C-A,2.36E+03
YER054C,1.25E+02
YER055C,-
YER056C,#
YER056C-A,2.36E+04
YER057C,6.72E+02
YER058W,-
YER059W,1.24E+03
YER060W,-
YER060w-A,-
YER061C,1.66E+03
YER062C,5.00E+03
YER063W,6.58E+03
YER064C,1.73E+03
YER065C,-
YER066C-A,-
YER066W,-
YER067W,8.45E+03
YER068W,4.28E+03
YER069W,1.18E+03
YER070W,2.93E+05
YER071C,7.99E+02
YER072W,1.21E+04
YER073W,2.33E+04
YER074W,-
YER075C,7.68E+02
YER076C,-
YER077C,4.32E+02
YER078C,5.08E+03
YER079W,1.89E+03
YER080W,8.20E+03
YER081W,7.67E+03
YER082C,5.80E+03
YER083C,-
YER084W,3.00E+02
YER085C,-
YER086W,1.19E+04
YER087C-A,2.17E+02
YER087W,4.77E+02
YER088C,2.12E+03
YER089C,1.26E+04
YER090W,6.51E+03
YER091C,2.64E+05
YER091C-A,-
YER092W,2.28E+03
YER093C,-
YER093C-A,1.84E+03
YER094C,-
YER095W,6.96E+03
YER096W,-
YER097W,-
YER098W,9.89E+01
YER099C,8.12E+03
YER100W,1.90E+03
YER101C,9.37E+02
YER102W,1.44E+04
YER103W,1.79E+04
YER104W,2.59E+02
YER105C,4.42E+03
YER106W,-
YER107C,1.82E+03
YER109C,-
YER110C,3.83E+04
YER111C,5.89E+02
YER112W,3.44E+03
YER113C,%
YER114C,6.88E+02
YER115C,-
YER116C,#
YER117W,-
YER118C,2.33E+03
YER119C,-
YER119C-A,-
YER120W,3.50E+03
YER121W,-
YER122C,1.51E+03
YER123W,1.32E+03
YER124C,3.08E+03
YER125W,-
YER126C,8.66E+03
YER127W,1.43E+03
YER128W,9.67E+02
YER129W,7.52E+02
YER130C,-
YER131W,5.03E+05
YER132C,8.15E+02
YER133W,1.46E+04
YER134C,6.19E+03
YER135C,-
YER136W,7.28E+03
YER137C,-
YER139C,5.48E+03
YER140W,-
YER141W,#
YER142C,#
YER143W,6.51E+03
YER144C,3.00E+02
YER145C,8.37E+03
YER146W,-
YER147C,9.07E+02
YER148W,%
YER149C,7.82E+03
YER150W,-
YER151C,2.21E+03
YER152C,1.39E+03
YER153C,4.68E+02
YER154W,6.55E+03
YER155C,1.23E+03
YER156C,6.08E+03
YER157W,4.14E+03
YER158C,7.84E+02
YER159C,5.13E+03
YER161C,1.24E+03
YER162C,8.76E+02
YER163C,1.30E+03
YER164W,1.62E+03
YER165W,1.98E+05
YER166W,%
YER167W,-
YER168C,1.35E+04
YER169W,2.23E+03
YER170W,7.04E+02
YER171W,1.44E+04
YER172C,1.44E+03
YER173W,7.52E+02
YER174C,7.80E+03
YER175C,9.37E+02
YER176W,7.36E+02
YER177W,1.58E+05
YER178W,1.00E+05
YER179W,-
YER180C,-
YER181C,-
YER182W,1.92E+03
YER183C,4.68E+02
YER184C,-
YER185W,-
YER186C,-
YER187W,-
YER187W-A,-
YER188W,%
YER189W,-
YER190W,-
YFL001W,5.86E+03
YFL002C,5.74E+03
YFL003C,-
YFL004W,2.91E+03
YFL005W,-
YFL006W,1.50E+03
YFL007W,2.60E+03
YFL008W,5.71E+03
YFL009W,-
YFL010C,6.02E+03
YFL010W-A,-
YFL011W,-
YFL012W,-
YFL013C,1.39E+03
YFL013W-A,-
YFL014W,4.49E+03
YFL015C,-
YFL016C,7.57E+03
YFL017C,2.55E+03
YFL017W-A,1.40E+03
YFL018C,2.46E+04
YFL019C,-
YFL020C,-
YFL021W,1.18E+03
YFL022C,-
YFL023W,1.30E+03
YFL024C,1.11E+03
YFL025C,#
YFL026W,#
YFL027C,5.73E+02
YFL028C,1.62E+03
YFL029C,#
YFL030W,3.39E+02
YFL031W,8.97E+03
YFL032W,-
YFL033C,%
YFL034C-A,7.47E+04
YFL034C-B,2.25E+03
YFL034W,1.11E+03
YFL036W,-
YFL037W,-
YFL038C,-
YFL039C,-
YFL040W,-
YFL041W,2.84E+03
YFL042C,-
YFL043C,-
YFL044C,2.77E+03
YFL045C,3.50E+03
YFL046W,%
YFL047W,1.75E+03
YFL048C,2.90E+03
YFL049W,3.18E+03
YFL050C,2.13E+03
YFL051C,-
YFL052W,-
YFL053W,%
YFL054C,-
YFL055W,-
YFL056C,-
YFL057C,-
YFL058W,-
YFL059W,-
YFL060C,1.95E+02
YFL061W,-
YFL062W,#
YFL063W,-
YFL064C,-
YFL065C,-
YFL066C,-
YFL067W,-
YFL068W,-
YFR001W,3.65E+03
YFR002W,1.55E+04
YFR003C,1.08E+03
YFR004W,1.64E+04
YFR005C,1.67E+02
YFR006W,-
YFR007W,1.61E+02
YFR008W,4.86E+02
YFR009W,1.46E+04
YFR010W,6.77E+03
YFR011C,3.55E+03
YFR012W,-
YFR012W-A,-
YFR013W,1.77E+03
YFR014C,1.52E+03
YFR015C,6.30E+03
YFR016C,7.04E+02
YFR017C,6.39E+02
YFR018C,3.97E+03
YFR019W,1.49E+02
YFR020W,-
YFR021W,1.56E+03
YFR022W,-
YFR023W,-
YFR024C,1.80E+04
YFR024C-A,3.67E+03
YFR025C,4.28E+03
YFR026C,7.21E+02
YFR027W,-
YFR028C,8.55E+03
YFR029W,-
YFR030W,1.58E+03
YFR031C,3.29E+03
YFR031C-A,#
YFR032C,-
YFR032C-A,5.11E+04
YFR033C,4.49E+03
YFR034C,-
YFR035C,-
YFR036W,%
YFR037C,3.38E+03
YFR038W,-
YFR039C,3.17E+03
YFR040W,5.96E+03
YFR041C,-
YFR042W,-
YFR043C,%
YFR044C,2.23E+04
YFR045W,-
YFR046C,1.30E+03
YFR047C,2.66E+03
YFR048W,6.56E+02
YFR049W,2.05E+03
YFR050C,1.69E+04
YFR051C,1.80E+04
YFR052W,9.89E+03
YFR053C,4.08E+04
YFR054C,3.00E+02
YFR055W,2.61E+03
YFR056C,-
YFR057W,-
YGL001C,2.58E+03
YGL002W,-
YGL003C,-
YGL004C,2.21E+03
YGL005C,1.36E+03
YGL006W,9.89E+01
YGL007W,-
YGL008C,1.26E+06
YGL009C,9.63E+04
YGL010W,4.86E+02
YGL011C,1.52E+04
YGL012W,1.64E+03
YGL013C,1.30E+03
YGL014W,7.21E+02
YGL015C,-
YGL016W,9.76E+03
YGL017W,2.03E+03
YGL018C,2.01E+03
YGL019W,8.12E+03
YGL020C,2.25E+03
YGL021W,2.19E+03
YGL022W,3.00E+03
YGL023C,-
YGL024W,-
YGL025C,5.56E+02
YGL026C,1.55E+04
YGL027C,2.84E+03
YGL028C,2.26E+04
YGL029W,2.34E+03
YGL030W,5.93E+04
YGL031C,2.47E+05
YGL032C,1.16E+03
YGL033W,-
YGL034C,-
YGL035C,8.30E+02
YGL036W,4.86E+02
YGL037C,7.72E+03
YGL038C,9.49E+03
YGL039W,2.34E+03
YGL040C,1.16E+04
YGL041C,-
YGL042C,-
YGL043W,6.26E+03
YGL044C,6.35E+03
YGL045W,7.84E+02
YGL046W,3.04E+03
YGL047W,1.95E+03
YGL048C,4.70E+03
YGL049C,3.39E+03
YGL050W,3.39E+03
YGL051W,-
YGL052W,-
YGL053W,1.25E+03
YGL054C,7.11E+03
YGL055W,#
YGL056C,2.12E+04
YGL057C,%
YGL058W,2.77E+03
YGL059W,4.50E+02
YGL060W,3.87E+03
YGL061C,9.96E+02
YGL062W,1.25E+04
YGL063W,-
YGL064C,7.36E+02
YGL065C,1.84E+03
YGL066W,4.86E+02
YGL067W,8.46E+02
YGL068W,6.94E+03
YGL069C,-
YGL070C,2.44E+03
YGL071W,2.73E+03
YGL072C,-
YGL073W,-
YGL074C,-
YGL075C,-
YGL076C,1.01E+05
YGL077C,#
YGL078C,3.89E+04
YGL079W,1.63E+03
YGL080W,3.96E+02
YGL081W,-
YGL082W,7.62E+03
YGL083W,1.48E+03
YGL084C,6.72E+02
YGL085W,7.04E+02
YGL086W,6.56E+02
YGL087C,2.76E+03
YGL088W,-
YGL089C,-
YGL090W,8.76E+02
YGL091C,-
YGL092W,4.63E+03
YGL093W,-
YGL094C,1.51E+03
YGL095C,5.66E+03
YGL096W,-
YGL097W,1.21E+04
YGL098W,9.37E+02
YGL099W,1.94E+04
YGL100W,9.52E+02
YGL101W,1.50E+03
YGL102C,-
YGL103W,-
YGL104C,-
YGL105W,5.77E+04
YGL106W,-
YGL107C,4.80E+03
YGL108C,2.43E+03
YGL109W,-
YGL110C,6.30E+03
YGL111W,2.74E+03
YGL112C,6.51E+03
YGL113W,1.25E+02
YGL114W,-
YGL115W,1.17E+04
YGL116W,-
YGL117W,1.49E+02
YGL118C,-
YGL119W,9.52E+02
YGL120C,1.69E+04
YGL121C,-
YGL122C,9.67E+03
YGL123W,-
YGL124C,%
YGL125W,8.60E+03
YGL126W,5.38E+02
YGL127C,4.68E+02
YGL128C,%
YGL129C,1.30E+03
YGL130W,2.79E+02
YGL131C,#
YGL132W,-
YGL133W,2.61E+03
YGL134W,2.17E+02
YGL135W,2.65E+05
YGL136C,-
YGL137W,1.29E+05
YGL138C,-
YGL139W,-
YGL140C,1.08E+03
YGL141W,3.12E+03
YGL142C,-
YGL143C,4.14E+02
YGL144C,%
YGL145W,6.02E+03
YGL146C,-
YGL147C,5.24E+04
YGL148W,2.31E+03
YGL149W,-
YGL150C,6.28E+03
YGL151W,2.49E+03
YGL152C,-
YGL153W,2.57E+03
YGL154C,6.23E+02
YGL155W,3.94E+03
YGL156W,3.19E+02
YGL157W,2.95E+03
YGL158W,-
YGL159W,1.72E+02
YGL160W,-
YGL161C,9.37E+02
YGL162W,1.10E+03
YGL163C,%
YGL164C,3.67E+03
YGL165C,-
YGL166W,1.76E+03
YGL167C,6.90E+03
YGL168W,-
YGL169W,5.38E+02
YGL170C,-
YGL171W,-
YGL172W,4.76E+03
YGL173C,1.17E+04
YGL174W,-
YGL175C,1.03E+03
YGL176C,-
YGL177W,-
YGL178W,1.24E+03
YGL179C,-
YGL180W,1.07E+03
YGL181W,9.37E+02
YGL182C,-
YGL183C,-
YGL184C,%
YGL185C,1.43E+03
YGL186C,-
YGL187C,9.41E+03
YGL188C,-
YGL189C,1.63E+04
YGL190C,8.60E+03
YGL191W,-
YGL192W,-
YGL193C,-
YGL194C,4.89E+03
YGL195W,7.33E+03
YGL196W,-
YGL197W,3.96E+02
YGL198W,-
YGL199C,-
YGL200C,2.68E+04
YGL201C,1.34E+04
YGL202W,1.77E+03
YGL203C,8.55E+03
YGL204C,-
YGL205W,-
YGL206C,2.87E+04
YGL207W,1.85E+04
YGL208W,3.00E+02
YGL209W,5.04E+02
YGL210W,4.30E+03
YGL211W,%
YGL212W,2.36E+03
YGL213C,1.71E+03
YGL214W,-
YGL215W,-
YGL216W,7.36E+02
YGL217C,-
YGL218W,-
YGL219C,3.77E+02
YGL220W,2.05E+03
YGL221C,6.00E+03
YGL222C,-
YGL223C,2.19E+03
YGL224C,-
YGL225W,3.19E+04
YGL226C-A,1.01E+03
YGL226W,1.17E+03
YGL227W,1.50E+03
YGL228W,8.64E+03
YGL229C,2.79E+02
YGL230C,-
YGL231C,1.32E+03
YGL232W,2.63E+03
YGL233W,4.28E+03
YGL234W,3.58E+04
YGL235W,-
YGL236C,-
YGL237C,%
YGL238W,2.35E+04
YGL239C,-
YGL240W,1.36E+03
YGL241W,2.94E+03
YGL242C,-
YGL243W,-
YGL244W,6.51E+03
YGL245W,4.87E+04
YGL246C,4.03E+03
YGL247W,1.25E+02
YGL248W,1.40E+03
YGL249W,-
YGL250W,1.82E+03
YGL251C,-
YGL252C,3.26E+03
YGL253W,1.14E+05
YGL254W,2.12E+03
YGL255W,#
YGL256W,1.25E+02
YGL257C,1.17E+03
YGL258W,-
YGL258W-A,-
YGL259W,-
YGL260W,-
YGL261C,-
YGL262W,-
YGL263W,-
YGR001C,3.06E+03
YGR002C,2.23E+03
YGR003W,1.72E+02
YGR004W,2.38E+02
YGR005C,5.20E+02
YGR006W,-
YGR007W,4.70E+03
YGR008C,5.33E+03
YGR009C,-
YGR010W,1.43E+03
YGR011W,-
YGR012W,4.65E+03
YGR013W,7.82E+02
YGR014W,1.32E+03
YGR015C,-
YGR016W,2.38E+02
YGR017W,2.84E+03
YGR018C,-
YGR019W,5.73E+02
YGR020C,4.05E+03
YGR021W,1.78E+03
YGR022C,-
YGR023W,%
YGR024C,1.17E+03
YGR025W,-
YGR026W,#
YGR027C,3.22E+05
YGR028W,3.53E+03
YGR029W,-
YGR030C,3.18E+03
YGR031W,7.40E+03
YGR032W,#
YGR033C,3.77E+03
YGR034W,3.32E+04
YGR035C,-
YGR036C,#
YGR037C,8.50E+03
YGR038W,2.80E+03
YGR039W,-
YGR040W,5.48E+03
YGR041W,9.52E+02
YGR042W,%
YGR043C,1.92E+03
YGR044C,-
YGR045C,-
YGR046W,1.95E+02
YGR047C,8.76E+02
YGR048W,3.53E+03
YGR049W,3.21E+03
YGR050C,-
YGR051C,-
YGR052W,3.39E+02
YGR053C,-
YGR054W,-
YGR055W,#
YGR056W,2.59E+02
YGR057C,6.56E+02
YGR058W,1.63E+03
YGR059W,-
YGR060W,7.71E+04
YGR061C,4.08E+04
YGR062C,4.68E+02
YGR063C,4.49E+03
YGR064W,-
YGR065C,%
YGR066C,-
YGR067C,-
YGR068C,1.97E+03
YGR069W,-
YGR070W,-
YGR071C,1.05E+03
YGR072W,1.25E+03
YGR073C,-
YGR074W,2.40E+03
YGR075C,2.38E+03
YGR076C,1.55E+03
YGR077C,5.38E+02
YGR078C,6.55E+03
YGR079W,-
YGR080W,1.47E+03
YGR081C,3.67E+03
YGR082W,5.68E+03
YGR083C,1.03E+04
YGR084C,1.60E+04
YGR085C,2.12E+04
YGR086C,1.15E+05
YGR087C,1.52E+03
YGR088W,3.19E+02
YGR089W,9.96E+02
YGR090W,3.26E+03
YGR091W,1.26E+03
YGR092W,3.50E+03
YGR093W,1.27E+03
YGR094W,3.58E+02
YGR095C,1.08E+04
YGR096W,-
YGR097W,%
YGR098C,%
YGR099W,6.38E+02
YGR100W,7.68E+02
YGR101W,#
YGR102C,1.72E+02
YGR103W,4.53E+03
YGR104C,1.01E+03
YGR105W,1.48E+03
YGR106C,1.28E+04
YGR107W,-
YGR108W,3.00E+02
YGR109C,-
YGR110W,-
YGR111W,7.68E+02
YGR112W,6.23E+02
YGR113W,-
YGR114C,-
YGR115C,-
YGR116W,8.89E+03
YGR117C,1.28E+03
YGR118W,1.06E+04
YGR119C,9.31E+03
YGR120C,3.27E+03
YGR121C,#
YGR122C-A,-
YGR122W,#
YGR123C,6.99E+03
YGR124W,5.82E+04
YGR125W,1.42E+03
YGR126W,-
YGR127W,-
YGR128C,1.68E+04
YGR129W,2.46E+03
YGR130C,1.03E+04
YGR131W,-
YGR132C,9.69E+03
YGR133W,%
YGR134W,1.32E+03
YGR135W,1.71E+04
YGR136W,-
YGR137W,-
YGR138C,-
YGR139W,-
YGR140W,1.35E+03
YGR141W,6.23E+02
YGR142W,#
YGR143W,4.68E+02
YGR144W,-
YGR145W,-
YGR146C,5.89E+02
YGR147C,1.24E+03
YGR148C,3.69E+04
YGR149W,#
YGR150C,8.76E+02
YGR151C,-
YGR152C,%
YGR153W,-
YGR154C,-
YGR155W,4.19E+04
YGR156W,9.37E+02
YGR157W,1.81E+03
YGR158C,7.38E+03
YGR159C,7.74E+04
YGR160W,-
YGR161C,2.10E+03
YGR162W,9.76E+03
YGR163W,2.61E+03
YGR164W,-
YGR165W,3.46E+03
YGR166W,1.66E+03
YGR167W,3.49E+03
YGR168C,-
YGR169C,3.77E+02
YGR170W,-
YGR171C,3.12E+03
YGR172C,-
YGR173W,6.20E+03
YGR174C,7.04E+02
YGR175C,6.54E+04
YGR176W,-
YGR177C,3.00E+03
YGR178C,2.87E+03
YGR179C,2.69E+03
YGR180C,8.89E+04
YGR181W,-
YGR182C,-
YGR183C,4.55E+03
YGR184C,-
YGR185C,2.71E+03
YGR186W,1.92E+03
YGR187C,2.08E+04
YGR188C,4.14E+02
YGR189C,2.95E+04
YGR190C,-
YGR191W,6.88E+02
YGR192C,1.69E+05
YGR193C,4.14E+02
YGR194C,3.46E+03
YGR195W,5.15E+03
YGR196C,%
YGR197C,-
YGR198W,1.64E+03
YGR199W,-
YGR200C,6.09E+03
YGR201C,%
YGR202C,3.05E+03
YGR203W,2.31E+03
YGR204W,3.56E+04
YGR205W,4.28E+03
YGR206W,7.52E+02
YGR207C,2.40E+03
YGR208W,1.38E+04
YGR209C,1.72E+04
YGR210C,1.16E+04
YGR211W,3.99E+04
YGR212W,-
YGR213C,-
YGR214W,9.37E+04
YGR215W,-
YGR216C,-
YGR217W,-
YGR218W,7.08E+03
YGR219W,-
YGR220C,3.19E+03
YGR221C,5.69E+01
YGR222W,7.99E+02
YGR223C,-
YGR224W,-
YGR225W,-
YGR226C,-
YGR227W,-
YGR228W,-
YGR229C,5.68E+03
YGR230W,-
YGR231C,2.85E+03
YGR232W,3.19E+02
YGR233C,2.93E+03
YGR234W,1.30E+04
YGR235C,5.22E+03
YGR236C,-
YGR237C,1.05E+03
YGR238C,4.68E+02
YGR239C,-
YGR240C,8.98E+04
YGR241C,6.80E+03
YGR242W,-
YGR243W,6.75E+03
YGR244C,-
YGR245C,3.64E+03
YGR246C,4.33E+03
YGR247W,1.52E+03
YGR248W,4.32E+03
YGR249W,-
YGR250C,1.91E+03
YGR251W,1.46E+03
YGR252W,1.18E+03
YGR253C,1.71E+04
YGR254W,7.67E+04
YGR255C,2.94E+03
YGR256W,5.56E+02
YGR257C,5.38E+02
YGR258C,8.46E+02
YGR259C,-
YGR260W,#
YGR261C,3.57E+03
YGR262C,3.02E+03
YGR263C,#
YGR264C,8.50E+04
YGR265W,-
YGR266W,3.23E+03
YGR267C,2.84E+03
YGR268C,-
YGR269W,2.79E+02
YGR270W,1.72E+02
YGR271C-A,2.84E+03
YGR271W,4.86E+02
YGR272C,-
YGR273C,-
YGR274C,1.50E+03
YGR275W,1.55E+03
YGR276C,-
YGR277C,3.61E+03
YGR278W,3.26E+03
YGR279C,6.19E+03
YGR280C,3.85E+03
YGR281W,3.61E+03
YGR282C,4.50E+04
YGR283C,2.82E+03
YGR284C,#
YGR285C,8.64E+04
YGR286C,5.04E+02
YGR287C,7.52E+02
YGR288W,-
YGR289C,-
YGR290W,-
YGR291C,-
YGR292W,5.06E+03
YGR293C,-
YGR294W,-
YGR295C,-
YGR296W,%
YHL001W,3.51E+04
YHL002W,3.58E+02
YHL003C,#
YHL004W,6.89E+03
YHL005C,-
YHL006C,-
YHL007C,2.59E+02
YHL008C,%
YHL009C,1.68E+03
YHL010C,-
YHL011C,-
YHL012W,-
YHL013C,1.72E+02
YHL014C,2.36E+03
YHL015W,-
YHL016C,-
YHL017W,1.46E+04
YHL018W,7.52E+02
YHL019C,2.89E+03
YHL020C,1.28E+03
YHL021C,5.80E+03
YHL022C,-
YHL023C,-
YHL024W,-
YHL025W,2.90E+03
YHL026C,8.30E+02
YHL027W,1.82E+03
YHL028W,#
YHL029C,1.25E+04
YHL030W,2.95E+03
YHL031C,-
YHL032C,-
YHL033C,2.38E+05
YHL034C,1.28E+04
YHL035C,-
YHL036W,-
YHL037C,-
YHL038C,1.36E+03
YHL039W,5.17E+03
YHL040C,#
YHL041W,-
YHL042W,-
YHL043W,-
YHL044W,-
YHL045W,-
YHL046C,-
YHL047C,-
YHL048W,3.07E+03
YHL049C,-
YHL050C,-
YHR001W,2.35E+03
YHR001W-A,5.59E+03
YHR002W,-
YHR003C,8.43E+03
YHR004C,3.77E+02
YHR005C,9.92E+03
YHR005C-A,-
YHR006W,6.49E+03
YHR007C,7.32E+04
YHR008C,1.09E+04
YHR009C,5.24E+03
YHR010W,7.38E+03
YHR011W,4.05E+02
YHR012W,2.59E+02
YHR013C,3.31E+03
YHR014W,-
YHR015W,9.89E+01
YHR016C,%
YHR017W,-
YHR018C,1.02E+04
YHR019C,-
YHR020W,-
YHR021C,#
YHR021W-A,-
YHR022C,-
YHR023W,2.14E+03
YHR024C,3.14E+04
YHR025W,9.26E+04
YHR026W,-
YHR027C,3.06E+05
YHR028C,-
YHR029C,#
YHR030C,3.23E+03
YHR031C,6.56E+02
YHR032W,-
YHR033W,-
YHR034C,2.61E+03
YHR035W,4.50E+02
YHR036W,1.28E+03
YHR037W,1.72E+04
YHR038W,1.44E+03
YHR039C,2.50E+03
YHR039C-A,2.28E+03
YHR040W,2.80E+03
YHR041C,1.72E+03
YHR042W,4.66E+04
YHR043C,2.40E+03
YHR044C,7.52E+02
YHR045W,-
YHR046C,2.44E+03
YHR047C,7.70E+04
YHR048W,-
YHR049C-A,-
YHR049W,1.46E+04
YHR050W,-
YHR051W,1.25E+04
YHR052W,4.59E+04
YHR053C,3.19E+04
YHR054C,-
YHR055C,6.68E+03
YHR056C,-
YHR057C,3.39E+02
YHR058C,4.82E+03
YHR059W,2.63E+03
YHR060W,7.52E+02
YHR061C,1.10E+03
YHR062C,6.30E+03
YHR063C,2.60E+03
YHR064C,7.36E+04
YHR065C,-
YHR066W,8.15E+03
YHR067W,7.99E+02
YHR068W,7.60E+03
YHR069C,4.84E+03
YHR070W,4.12E+03
YHR071W,-
YHR072W,2.19E+03
YHR072W-A,-
YHR073W,5.89E+02
YHR074W,1.72E+02
YHR075C,-
YHR076W,-
YHR077C,1.28E+03
YHR078W,-
YHR079C,2.59E+02
YHR079C-A,-
YHR080C,%
YHR081W,-
YHR082C,1.27E+03
YHR083W,1.47E+03
YHR084W,1.92E+03
YHR085W,4.42E+03
YHR086W,1.48E+03
YHR087W,2.43E+03
YHR088W,7.84E+02
YHR089C,5.73E+03
YHR090C,%
YHR091C,-
YHR092C,-
YHR093W,%
YHR094C,2.33E+04
YHR095W,-
YHR096C,-
YHR097C,#
YHR098C,1.22E+04
YHR099W,-
YHR100C,-
YHR101C,3.46E+03
YHR102W,1.04E+03
YHR103W,%
YHR104W,1.29E+04
YHR105W,-
YHR106W,4.14E+02
YHR107C,1.17E+03
YHR108W,2.27E+03
YHR109W,2.94E+03
YHR110W,%
YHR111W,2.62E+03
YHR112C,1.36E+03
YHR113W,1.72E+02
YHR114W,5.44E+03
YHR115C,2.79E+03
YHR116W,1.36E+03
YHR117W,4.11E+03
YHR118C,2.97E+03
YHR119W,1.72E+02
YHR120W,1.67E+03
YHR121W,8.32E+03
YHR122W,1.80E+03
YHR123W,#
YHR124W,-
YHR125W,-
YHR126C,-
YHR127W,2.14E+03
YHR128W,-
YHR129C,1.58E+03
YHR130C,-
YHR131C,1.72E+02
YHR132C,4.68E+02
YHR132W-A,1.40E+03
YHR133C,1.90E+03
YHR134W,-
YHR135C,1.63E+03
YHR136C,2.18E+03
YHR137W,7.70E+03
YHR138C,3.19E+02
YHR139C,-
YHR139C-A,-
YHR140W,#
YHR141C,3.89E+03
YHR142W,-
YHR143W,%
YHR143W-A,9.07E+02
YHR144C,1.51E+03
YHR145C,-
YHR146W,2.99E+03
YHR147C,5.68E+03
YHR148W,-
YHR149C,1.55E+03
YHR150W,-
YHR151C,-
YHR152W,9.37E+02
YHR153C,-
YHR154W,1.38E+03
YHR155W,1.17E+03
YHR156C,7.99E+02
YHR157W,-
YHR158C,1.35E+03
YHR159W,5.04E+02
YHR160C,-
YHR161C,6.23E+02
YHR162W,3.41E+03
YHR163W,3.42E+03
YHR164C,%
YHR165C,4.68E+02
YHR166C,7.97E+01
YHR167W,2.84E+03
YHR168W,1.89E+02
YHR169W,3.50E+03
YHR170W,1.19E+04
YHR171W,-
YHR172W,2.23E+03
YHR173C,1.49E+02
YHR174W,2.61E+03
YHR175W,#
YHR176W,-
YHR177W,-
YHR178W,2.79E+02
YHR179W,1.51E+04
YHR180W,-
YHR181W,1.81E+03
YHR182W,1.72E+03
YHR183W,1.01E+05
YHR184W,-
YHR185C,-
YHR186C,%
YHR187W,3.87E+03
YHR188C,1.68E+03
YHR189W,3.39E+02
YHR190W,1.08E+04
YHR191C,-
YHR192W,3.39E+03
YHR193C,3.80E+04
YHR194W,1.20E+03
YHR195W,1.90E+03
YHR196W,2.00E+04
YHR197W,7.82E+03
YHR198C,1.35E+03
YHR199C,4.42E+03
YHR200W,1.72E+04
YHR201C,3.17E+03
YHR202W,-
YHR203C,1.02E+05
YHR204W,6.56E+02
YHR205W,3.85E+03
YHR206W,2.57E+03
YHR207C,5.00E+03
YHR208W,8.73E+04
YHR209W,4.38E+03
YHR210C,-
YHR211W,-
YHR212C,-
YHR213W,-
YHR214W,-
YHR214W-A,-
YHR215W,3.29E+03
YHR216W,7.87E+03
YHR217C,-
YHR218W,-
YHR219W,-
YIL001W,1.95E+02
YIL002C,9.89E+01
YIL003W,-
YIL004C,%
YIL005W,6.02E+03
YIL006W,-
YIL007C,8.46E+02
YIL008W,1.24E+03
YIL009C-A,-
YIL009W,6.44E+03
YIL010W,1.84E+03
YIL011W,-
YIL012W,-
YIL013C,-
YIL014W,2.31E+03
YIL015C-A,-
YIL015W,6.72E+02
YIL016W,3.35E+03
YIL017C,%
YIL018W,4.05E+03
YIL019W,-
YIL020C,6.49E+03
YIL021W,1.00E+04
YIL022W,-
YIL023C,-
YIL024C,1.54E+03
YIL025C,-
YIL026C,4.09E+03
YIL027C,5.24E+03
YIL028W,-
YIL029C,-
YIL030C,#
YIL031W,4.50E+02
YIL032C,-
YIL033C,4.28E+03
YIL034C,6.77E+03
YIL035C,7.18E+03
YIL036W,1.24E+03
YIL037C,-
YIL038C,2.49E+03
YIL039W,1.07E+03
YIL040W,%
YIL041W,7.72E+03
YIL042C,4.22E+03
YIL043C,4.82E+03
YIL044C,5.35E+03
YIL045W,9.96E+02
YIL046W,2.17E+02
YIL047C,1.16E+03
YIL048W,#
YIL049W,-
YIL050W,3.39E+03
YIL051C,1.68E+05
YIL052C,2.10E+04
YIL053W,1.93E+05
YIL054W,5.21E+02
YIL055C,%
YIL056W,2.79E+02
YIL057C,5.53E+03
YIL058W,-
YIL059C,%
YIL060W,-
YIL061C,7.36E+02
YIL062C,3.06E+03
YIL063C,3.62E+03
YIL064W,1.62E+03
YIL065C,2.41E+03
YIL066C,1.36E+03
YIL067C,-
YIL068C,1.08E+03
YIL069C,6.16E+03
YIL070C,4.91E+03
YIL071C,5.04E+02
YIL072W,-
YIL073C,-
YIL074C,2.01E+03
YIL075C,4.75E+03
YIL076W,2.31E+04
YIL077C,9.22E+02
YIL078W,4.26E+04
YIL079C,1.55E+03
YIL083C,3.17E+03
YIL084C,1.05E+02
YIL085C,2.89E+03
YIL086C,-
YIL087C,-
YIL088C,1.95E+02
YIL089W,%
YIL090W,6.06E+02
YIL091C,1.72E+02
YIL092W,1.05E+02
YIL093C,1.92E+03
YIL094C,1.91E+04
YIL095W,1.32E+03
YIL096C,2.96E+03
YIL097W,7.84E+02
YIL098C,5.89E+02
YIL099W,-
YIL100W,-
YIL101C,1.95E+02
YIL102C,-
YIL103W,2.53E+03
YIL104C,7.06E+03
YIL105C,5.19E+03
YIL106W,5.02E+03
YIL107C,1.71E+03
YIL108W,1.95E+02
YIL109C,-
YIL110W,-
YIL111W,2.25E+03
YIL112W,%
YIL113W,#
YIL114C,-
YIL115C,1.23E+03
YIL116W,-
YIL117C,-
YIL118W,5.91E+03
YIL119C,1.34E+03
YIL120W,-
YIL121W,-
YIL122W,7.36E+02
YIL123W,1.80E+03
YIL124W,3.67E+03
YIL125W,1.43E+04
YIL126W,1.99E+03
YIL127C,3.67E+03
YIL128W,3.15E+03
YIL129C,2.06E+02
YIL130W,3.96E+02
YIL131C,1.72E+03
YIL132C,4.14E+02
YIL133C,4.33E+04
YIL134W,-
YIL135C,2.18E+03
YIL136W,6.49E+03
YIL137C,5.11E+03
YIL138C,1.11E+04
YIL139C,-
YIL140W,3.96E+02
YIL141W,-
YIL142W,-
YIL143C,8.25E+02
YIL144W,1.16E+03
YIL145C,2.40E+03
YIL146C,-
YIL147C,6.56E+02
YIL148W,1.18E+04
YIL149C,2.77E+03
YIL150C,1.86E+03
YIL151C,5.04E+02
YIL152W,-
YIL153W,4.59E+03
YIL154C,5.11E+03
YIL155C,1.67E+03
YIL156W,6.06E+02
YIL157C,1.68E+03
YIL158W,-
YIL159W,2.59E+02
YIL160C,#
YIL161W,1.23E+03
YIL162W,1.78E+03
YIL163C,-
YIL164C,-
YIL165C,-
YIL166C,-
YIL167W,-
YIL168W,-
YIL169C,-
YIL170W,-
YIL171W,-
YIL172C,1.66E+02
YIL173W,3.19E+02
YIL174W,-
YIL175W,-
YIL176C,-
YIL177C,-
YIR001C,6.49E+03
YIR002C,-
YIR003W,4.50E+02
YIR004W,8.97E+03
YIR005W,9.22E+02
YIR006C,#
YIR007W,1.07E+03
YIR008C,1.97E+02
YIR009W,5.04E+02
YIR010W,1.31E+03
YIR011C,2.12E+03
YIR012W,1.97E+04
YIR013C,-
YIR014W,%
YIR015W,2.07E+03
YIR016W,#
YIR017C,%
YIR018W,2.38E+02
YIR019C,-
YIR020C,-
YIR020W-B,-
YIR021W,5.24E+03
YIR022W,3.15E+03
YIR023W,7.04E+02
YIR024C,5.89E+02
YIR025W,-
YIR026C,7.57E+03
YIR027C,-
YIR028W,-
YIR029W,-
YIR030C,-
YIR031C,-
YIR032C,-
YIR033W,3.00E+02
YIR034C,1.12E+05
YIR035C,2.37E+03
YIR036C,1.62E+03
YIR037W,8.12E+03
YIR038C,#
YIR039C,-
YIR040C,-
YIR041W,-
YIR042C,-
YIR043C,-
YIR044C,-
YJL001W,7.25E+03
YJL002C,1.19E+04
YJL003W,6.72E+02
YJL004C,2.38E+02
YJL005W,%
YJL006C,1.59E+03
YJL007C,-
YJL008C,-
YJL009W,-
YJL010C,2.93E+03
YJL011C,2.93E+03
YJL012C,-
YJL012C-A,8.71E+03
YJL013C,3.17E+03
YJL014W,-
YJL015C,-
YJL016W,3.36E+03
YJL017W,1.72E+02
YJL018W,4.51E+03
YJL019W,-
YJL020C,-
YJL021C,2.61E+03
YJL022W,-
YJL023C,7.21E+02
YJL024C,1.24E+03
YJL025W,3.98E+02
YJL026W,5.38E+02
YJL027C,-
YJL028W,-
YJL029C,%
YJL030W,1.11E+03
YJL031C,-
YJL032W,-
YJL033W,7.90E+03
YJL034W,3.37E+05
YJL035C,8.30E+02
YJL036W,4.50E+02
YJL037W,-
YJL038C,-
YJL039C,2.52E+03
YJL041W,2.40E+03
YJL042W,2.79E+02
YJL043W,-
YJL044C,2.99E+03
YJL045W,-
YJL046W,-
YJL047C,%
YJL048C,1.34E+03
YJL049W,2.53E+03
YJL050W,1.25E+04
YJL051W,-
YJL052C-A,-
YJL052W,1.20E+05
YJL053W,-
YJL054W,-
YJL055W,6.44E+03
YJL056C,%
YJL057C,8.92E+02
YJL058C,1.96E+03
YJL059W,-
YJL060W,1.60E+03
YJL061W,9.47E+03
YJL062W,2.59E+02
YJL062W-A,2.53E+03
YJL063C,3.03E+03
YJL064W,-
YJL065C,3.39E+03
YJL066C,3.39E+03
YJL067W,-
YJL068C,1.75E+03
YJL069C,9.57E+03
YJL070C,1.10E+03
YJL071W,1.12E+02
YJL072C,#
YJL073W,3.18E+03
YJL074C,2.66E+03
YJL075C,-
YJL076W,1.59E+03
YJL077C,-
YJL078C,-
YJL079C,5.56E+02
YJL080C,#
YJL081C,1.07E+03
YJL082W,4.98E+03
YJL083W,3.96E+02
YJL084C,4.92E+01
YJL085W,4.28E+03
YJL086C,-
YJL087C,3.11E+03
YJL088W,1.14E+03
YJL089W,-
YJL090C,5.40E+02
YJL091C,%
YJL092W,5.19E+03
YJL093C,-
YJL094C,1.72E+02
YJL095W,1.12E+02
YJL096W,1.84E+03
YJL097W,#
YJL098W,1.12E+04
YJL099W,1.18E+03
YJL100W,5.69E+01
YJL101C,5.13E+03
YJL102W,1.73E+03
YJL103C,-
YJL104W,3.18E+03
YJL105W,-
YJL106W,-
YJL107C,1.48E+03
YJL108C,-
YJL109C,1.82E+04
YJL110C,3.19E+02
YJL111W,-
YJL112W,3.73E+03
YJL115W,6.23E+03
YJL116C,-
YJL117W,-
YJL118W,-
YJL119C,-
YJL120W,-
YJL121C,3.31E+03
YJL122W,4.78E+03
YJL123C,2.16E+03
YJL124C,3.49E+03
YJL125C,7.22E+03
YJL126W,-
YJL127C,1.50E+03
YJL127W-A,-
YJL128C,2.16E+03
YJL129C,-
YJL130C,1.10E+04
YJL131C,3.19E+02
YJL132W,-
YJL133W,1.36E+03
YJL134W,#
YJL135W,-
YJL136C,1.53E+04
YJL137C,9.81E+02
YJL138C,#
YJL139C,6.40E+03
YJL140W,-
YJL141C,-
YJL142C,-
YJL143W,1.21E+03
YJL144W,1.49E+02
YJL145W,6.54E+03
YJL146W,1.85E+03
YJL147C,9.81E+02
YJL148W,3.36E+03
YJL149W,1.95E+02
YJL150W,-
YJL151C,1.25E+04
YJL152W,-
YJL153C,%
YJL154C,2.36E+03
YJL155C,1.68E+03
YJL156C,-
YJL156W-A,-
YJL157C,2.38E+02
YJL158C,1.25E+04
YJL159W,1.46E+04
YJL160C,-
YJL161W,%
YJL162C,1.84E+02
YJL163C,-
YJL164C,4.32E+03
YJL165C,-
YJL166W,6.14E+03
YJL167W,%
YJL168C,2.17E+02
YJL169W,-
YJL170C,-
YJL171C,5.53E+03
YJL172W,7.21E+02
YJL173C,4.28E+03
YJL174W,-
YJL175W,-
YJL176C,3.15E+03
YJL177W,2.11E+04
YJL178C,8.97E+03
YJL179W,7.21E+02
YJL180C,6.37E+03
YJL181W,-
YJL182C,-
YJL183W,3.48E+03
YJL184W,2.18E+03
YJL185C,-
YJL186W,1.14E+04
YJL187C,-
YJL188C,-
YJL189W,-
YJL190C,4.04E+04
YJL191W,3.37E+03
YJL192C,1.17E+04
YJL193W,-
YJL194W,-
YJL195C,-
YJL196C,9.37E+02
YJL197W,7.11E+03
YJL198W,3.43E+03
YJL199C,%
YJL200C,4.67E+03
YJL201W,1.75E+03
YJL202C,-
YJL203W,2.49E+03
YJL204C,2.70E+03
YJL205C-A,%
YJL206C,-
YJL207C,3.00E+02
YJL208C,3.87E+03
YJL209W,2.18E+03
YJL210W,3.39E+02
YJL211C,-
YJL212C,2.87E+03
YJL213W,-
YJL214W,6.23E+02
YJL215C,-
YJL216C,-
YJL217W,7.21E+02
YJL218W,-
YJL219W,-
YJL220W,-
YJL221C,-
YJL222W,2.79E+02
YJL223C,-
YJL225C,-
YJR001W,1.82E+03
YJR002W,-
YJR003C,3.28E+03
YJR004C,-
YJR005W,1.67E+03
YJR006W,6.26E+02
YJR007W,1.71E+04
YJR008W,3.39E+02
YJR009C,1.21E+05
YJR010C-A,5.55E+03
YJR010W,1.51E+03
YJR011C,2.56E+03
YJR012C,5.38E+02
YJR013W,%
YJR014W,2.16E+04
YJR015W,6.39E+02
YJR016C,1.71E+05
YJR017C,4.40E+03
YJR018W,-
YJR019C,-
YJR020W,-
YJR021C,-
YJR022W,1.44E+03
YJR023C,-
YJR024C,9.52E+02
YJR025C,2.33E+03
YJR030C,-
YJR031C,2.94E+03
YJR032W,3.23E+03
YJR033C,1.49E+02
YJR034W,-
YJR035W,%
YJR036C,-
YJR037W,-
YJR038C,-
YJR039W,-
YJR040W,-
YJR041C,1.66E+03
YJR042W,7.92E+03
YJR043C,2.41E+03
YJR044C,2.34E+03
YJR045C,-
YJR046W,2.19E+03
YJR047C,1.42E+04
YJR048W,7.33E+03
YJR049C,5.04E+03
YJR050W,1.99E+03
YJR051W,4.32E+02
YJR052W,9.37E+02
YJR053W,1.38E+03
YJR054W,5.38E+02
YJR055W,2.73E+03
YJR056C,1.89E+03
YJR057W,2.98E+03
YJR058C,1.39E+03
YJR059W,1.42E+03
YJR060W,6.89E+03
YJR061W,-
YJR062C,1.64E+03
YJR063W,8.45E+03
YJR064W,-
YJR065C,6.65E+03
YJR066W,5.89E+02
YJR067C,1.50E+03
YJR068W,4.61E+03
YJR069C,3.49E+03
YJR070C,3.99E+04
YJR071W,-
YJR072C,1.52E+04
YJR073C,5.89E+03
YJR074W,2.84E+03
YJR075W,7.16E+03
YJR076C,9.28E+03
YJR077C,-
YJR078W,1.49E+02
YJR079W,9.07E+02
YJR080C,2.29E+03
YJR082C,5.04E+02
YJR083C,1.14E+03
YJR084W,1.51E+03
YJR085C,2.10E+03
YJR086W,5.55E+03
YJR087W,-
YJR088C,5.74E+03
YJR089W,-
YJR090C,-
YJR091C,7.84E+02
YJR092W,1.60E+03
YJR093C,1.31E+03
YJR094C,-
YJR094W-A,4.55E+04
YJR095W,-
YJR096W,6.96E+03
YJR097W,2.01E+03
YJR098C,1.23E+03
YJR099W,-
YJR100C,-
YJR101W,2.06E+03
YJR102C,-
YJR103W,5.37E+03
YJR104C,5.19E+05
YJR105W,2.22E+04
YJR106W,-
YJR107W,-
YJR108W,-
YJR109C,1.80E+04
YJR110W,1.08E+03
YJR111C,1.89E+03
YJR112W,2.07E+03
YJR113C,1.34E+03
YJR114W,-
YJR115W,-
YJR116W,#
YJR117W,1.96E+04
YJR118C,1.16E+03
YJR119C,2.90E+02
YJR120W,-
YJR121W,1.64E+05
YJR122W,2.96E+03
YJR123W,-
YJR124C,-
YJR125C,-
YJR126C,1.12E+02
YJR127C,#
YJR128W,-
YJR129C,1.55E+03
YJR130C,2.07E+03
YJR131W,8.26E+03
YJR132W,1.35E+04
YJR133W,7.21E+02
YJR134C,3.00E+02
YJR135C,1.03E+03
YJR135W-A,-
YJR136C,1.47E+03
YJR137C,2.90E+03
YJR138W,2.79E+02
YJR139C,4.89E+04
YJR140C,9.22E+02
YJR141W,-
YJR142W,2.17E+02
YJR143C,1.27E+03
YJR144W,-
YJR145C,5.73E+02
YJR146W,9.52E+02
YJR147W,2.05E+03
YJR148W,2.59E+04
YJR149W,1.72E+02
YJR150C,-
YJR151C,-
YJR152W,-
YJR153W,-
YJR154W,1.60E+03
YJR155W,-
YJR156C,7.52E+02
YJR157W,-
YJR158W,-
YJR159W,-
YJR160C,-
YJR161C,8.15E+02
YJR162C,-
YKL001C,2.17E+03
YKL002W,-
YKL003C,-
YKL003W-A,-
YKL004W,4.17E+03
YKL005C,8.92E+02
YKL006C-A,%
YKL006W,4.53E+04
YKL007W,4.38E+03
YKL008C,2.84E+03
YKL009W,1.82E+04
YKL010C,7.38E+03
YKL011C,%
YKL012W,%
YKL013C,9.02E+03
YKL014C,5.89E+03
YKL015W,7.36E+02
YKL016C,6.82E+03
YKL017C,1.04E+03
YKL018C-A,3.58E+02
YKL018W,7.04E+02
YKL019W,3.96E+02
YKL020C,4.32E+02
YKL021C,3.73E+03
YKL022C,2.75E+03
YKL023W,1.73E+03
YKL024C,1.50E+03
YKL025C,1.60E+03
YKL026C,%
YKL027W,1.17E+03
YKL028W,3.59E+04
YKL029C,1.05E+04
YKL030W,-
YKL031W,-
YKL032C,%
YKL033W,7.21E+02
YKL033W-A,-
YKL034W,-
YKL035W,1.72E+04
YKL036C,-
YKL037W,-
YKL038W,1.95E+02
YKL039W,-
YKL040C,1.13E+04
YKL041W,1.89E+03
YKL042W,-
YKL043W,1.42E+03
YKL044W,-
YKL045W,-
YKL046C,2.58E+03
YKL047W,2.55E+03
YKL048C,1.49E+02
YKL049C,-
YKL050C,-
YKL051W,#
YKL052C,2.84E+03
YKL053C-A,3.87E+03
YKL053W,-
YKL054C,3.38E+03
YKL055C,1.76E+03
YKL056C,2.78E+04
YKL057C,-
YKL058W,3.91E+03
YKL059C,1.13E+03
YKL060C,1.02E+06
YKL061W,1.24E+03
YKL062W,-
YKL063C,2.19E+03
YKL064W,2.59E+02
YKL065C,7.21E+03
YKL066W,-
YKL067W,7.13E+03
YKL068W,3.58E+02
YKL069W,2.61E+03
YKL070W,-
YKL071W,-
YKL072W,2.11E+02
YKL073W,1.37E+02
YKL074C,4.17E+03
YKL075C,9.89E+01
YKL076C,-
YKL077W,6.06E+02
YKL078W,7.21E+02
YKL079W,1.92E+03
YKL080W,2.11E+04
YKL081W,1.02E+05
YKL082C,-
YKL083W,-
YKL084W,-
YKL085W,2.81E+04
YKL086W,5.38E+02
YKL087C,-
YKL088W,2.94E+03
YKL089W,4.65E+02
YKL090W,-
YKL091C,2.87E+03
YKL092C,1.23E+03
YKL093W,-
YKL094W,2.14E+03
YKL095W,2.25E+03
YKL096W,2.06E+03
YKL096W-a,1.59E+06
YKL097C,-
YKL098W,-
YKL099C,-
YKL100C,-
YKL101W,%
YKL102C,-
YKL103C,5.73E+03
YKL104C,1.43E+04
YKL105C,5.38E+02
YKL106C-A,-
YKL106W,2.91E+03
YKL107W,-
YKL108W,6.56E+02
YKL109W,-
YKL110C,5.26E+03
YKL111C,-
YKL112W,4.82E+03
YKL113C,6.12E+03
YKL114C,7.25E+03
YKL115C,-
YKL116C,1.51E+03
YKL117W,3.37E+04
YKL118W,-
YKL119C,2.03E+03
YKL120W,5.35E+03
YKL121W,5.04E+02
YKL122C,3.40E+03
YKL123W,-
YKL124W,4.50E+02
YKL125W,1.38E+02
YKL126W,2.95E+03
YKL127W,9.82E+03
YKL128C,3.25E+03
YKL129C,1.55E+02
YKL130C,4.07E+03
YKL131W,-
YKL132C,-
YKL133C,-
YKL134C,2.69E+03
YKL135C,2.69E+03
YKL136W,-
YKL137W,2.59E+02
YKL138C,2.12E+03
YKL139W,1.25E+02
YKL140W,1.47E+03
YKL141W,2.38E+02
YKL142W,1.55E+03
YKL143W,5.89E+02
YKL144C,7.52E+02
YKL145W,1.05E+02
YKL146W,-
YKL147C,-
YKL148C,1.04E+04
YKL149C,1.13E+03
YKL150W,1.92E+03
YKL151C,3.87E+03
YKL152C,1.72E+05
YKL153W,-
YKL154W,8.25E+03
YKL155C,1.90E+03
YKL156W,4.33E+04
YKL157W,2.91E+03
YKL159C,5.21E+02
YKL160W,5.86E+03
YKL161C,-
YKL162C,1.10E+03
YKL162C-A,-
YKL163W,-
YKL164C,1.17E+03
YKL165C,#
YKL165C-A,-
YKL166C,1.59E+03
YKL167C,-
YKL168C,9.81E+02
YKL169C,-
YKL170W,2.46E+03
YKL171W,-
YKL172W,-
YKL173W,3.00E+02
YKL174C,-
YKL175W,-
YKL176C,%
YKL177W,-
YKL178C,-
YKL179C,2.65E+03
YKL180W,-
YKL181W,1.17E+04
YKL182W,9.18E+04
YKL183W,5.93E+03
YKL184W,6.88E+02
YKL185W,1.80E+03
YKL186C,-
YKL187C,-
YKL188C,-
YKL189W,1.28E+03
YKL190W,%
YKL191W,3.49E+03
YKL192C,6.05E+04
YKL193C,3.87E+03
YKL194C,1.24E+03
YKL195W,5.04E+03
YKL196C,-
YKL197C,2.10E+03
YKL198C,-
YKL199C,-
YKL201C,-
YKL202W,-
YKL203C,-
YKL204W,3.24E+03
YKL205W,3.49E+03
YKL206C,2.94E+03
YKL207W,-
YKL208W,%
YKL209C,#
YKL210W,1.77E+04
YKL211C,1.34E+04
YKL212W,4.80E+04
YKL213C,6.80E+03
YKL214C,1.31E+03
YKL215C,3.18E+03
YKL216W,2.64E+05
YKL217W,-
YKL218C,-
YKL219W,-
YKL220C,%
YKL221W,-
YKL222C,%
YKL223W,-
YKL224C,#
YKL225W,-
YKR001C,5.96E+03
YKR002W,1.71E+04
YKR003W,2.55E+03
YKR004C,8.46E+02
YKR005C,-
YKR006C,1.36E+03
YKR007W,2.74E+03
YKR008W,8.57E+03
YKR009C,-
YKR010C,3.39E+02
YKR011C,3.15E+03
YKR012C,-
YKR013W,-
YKR014C,9.38E+03
YKR015C,-
YKR016W,5.73E+03
YKR017C,2.25E+03
YKR018C,1.77E+03
YKR019C,-
YKR020W,3.19E+02
YKR021W,4.14E+02
YKR022C,8.92E+02
YKR023W,1.71E+03
YKR024C,1.46E+03
YKR025W,1.59E+03
YKR026C,8.97E+03
YKR027W,2.54E+03
YKR028W,-
YKR029C,6.23E+02
YKR030W,-
YKR031C,4.92E+01
YKR032W,-
YKR033C,-
YKR034W,-
YKR035C,-
YKR035W-A,2.44E+03
YKR036C,5.89E+02
YKR037C,#
YKR038C,1.27E+03
YKR039W,-
YKR040C,-
YKR041W,2.17E+02
YKR042W,5.69E+04
YKR043C,1.15E+04
YKR044W,3.19E+02
YKR045C,%
YKR046C,2.16E+03
YKR047W,-
YKR048C,8.07E+03
YKR049C,1.24E+03
YKR050W,-
YKR051W,-
YKR052C,1.34E+03
YKR053C,-
YKR054C,1.95E+02
YKR055W,-
YKR056W,-
YKR057W,2.74E+04
YKR058W,-
YKR059W,1.06E+05
YKR060W,3.06E+03
YKR061W,-
YKR062W,1.15E+03
YKR063C,6.47E+02
YKR064W,1.49E+02
YKR065C,3.00E+03
YKR066C,6.73E+03
YKR067W,3.10E+03
YKR068C,2.37E+03
YKR069W,-
YKR070W,3.87E+03
YKR071C,1.05E+03
YKR072C,3.75E+03
YKR073C,-
YKR074W,1.23E+03
YKR075C,1.96E+03
YKR076W,1.67E+03
YKR077W,8.61E+02
YKR078W,1.27E+03
YKR079C,2.71E+03
YKR080W,1.62E+04
YKR081C,3.24E+04
YKR082W,3.06E+03
YKR083C,2.79E+02
YKR084C,2.75E+03
YKR085C,3.58E+02
YKR086W,1.25E+03
YKR087C,#
YKR088C,1.13E+04
YKR089C,1.95E+02
YKR090W,1.31E+03
YKR091W,-
YKR092C,1.29E+04
YKR093W,#
YKR094C,2.82E+04
YKR095W,2.71E+03
YKR096W,1.95E+02
YKR097W,-
YKR098C,%
YKR099W,8.61E+02
YKR100C,#
YKR101W,-
YKR102W,-
YKR103W,%
YKR104W,-
YKR105C,-
YKR106W,-
YLL001W,9.62E+03
YLL002W,1.14E+03
YLL003W,%
YLL004W,-
YLL005C,-
YLL006W,2.49E+03
YLL007C,4.86E+02
YLL008W,-
YLL009C,-
YLL010C,5.62E+03
YLL011W,6.62E+03
YLL012W,7.77E+03
YLL013C,8.46E+02
YLL014W,%
YLL015W,#
YLL016W,-
YLL017W,-
YLL018C,-
YLL018C-A,5.75E+03
YLL019C,-
YLL020C,-
YLL021W,2.74E+02
YLL022C,4.55E+03
YLL023C,1.68E+03
YLL024C,3.64E+05
YLL025W,-
YLL026W,3.28E+04
YLL027W,1.25E+02
YLL028W,1.47E+03
YLL029W,3.24E+03
YLL030C,-
YLL031C,3.00E+02
YLL032C,9.22E+02
YLL033W,-
YLL034C,4.49E+03
YLL035W,-
YLL036C,1.17E+04
YLL037W,-
YLL038C,1.96E+03
YLL039C,-
YLL040C,1.25E+02
YLL041C,9.54E+03
YLL042C,-
YLL043W,9.07E+02
YLL044W,-
YLL045C,8.02E+04
YLL046C,-
YLL047W,-
YLL048C,3.00E+03
YLL049W,-
YLL050C,1.96E+04
YLL051C,%
YLL052C,%
YLL053C,-
YLL054C,3.39E+02
YLL055W,-
YLL056C,-
YLL057C,-
YLL058W,2.07E+03
YLL059C,-
YLL060C,%
YLL061W,%
YLL062C,6.06E+02
YLL063C,-
YLL064C,-
YLL065W,-
YLL066C,-
YLL067C,-
YLR001C,2.06E+02
YLR002C,1.17E+04
YLR003C,1.20E+03
YLR004C,-
YLR005W,2.34E+03
YLR006C,1.20E+03
YLR007W,-
YLR008C,-
YLR009W,-
YLR010C,-
YLR011W,1.27E+03
YLR012C,-
YLR013W,-
YLR014C,-
YLR015W,1.31E+03
YLR016C,1.47E+03
YLR017W,4.82E+03
YLR018C,-
YLR019W,-
YLR020C,1.63E+03
YLR021W,1.82E+03
YLR022C,5.06E+03
YLR023C,-
YLR024C,4.92E+01
YLR025W,3.27E+03
YLR026C,3.00E+02
YLR027C,7.70E+03
YLR028C,7.70E+03
YLR029C,-
YLR030W,-
YLR031W,-
YLR032W,1.52E+03
YLR033W,4.46E+03
YLR034C,%
YLR035C,7.16E+01
YLR035C-A,2.17E+02
YLR036C,9.67E+02
YLR037C,-
YLR038C,1.39E+03
YLR039C,7.86E+01
YLR040C,-
YLR041W,-
YLR042C,-
YLR043C,8.58E+03
YLR044C,8.97E+03
YLR045C,1.66E+03
YLR046C,-
YLR047C,-
YLR048W,6.09E+04
YLR049C,3.39E+02
YLR050C,3.58E+02
YLR051C,-
YLR052W,2.28E+03
YLR053C,-
YLR054C,-
YLR055C,8.43E+03
YLR056W,3.62E+04
YLR057W,7.16E+01
YLR058C,6.76E+04
YLR059C,1.73E+03
YLR060W,5.44E+03
YLR061W,6.04E+04
YLR062C,-
YLR063W,#
YLR064W,2.24E+03
YLR065C,-
YLR066W,6.84E+03
YLR067C,1.16E+03
YLR068W,1.46E+03
YLR069C,6.35E+03
YLR070C,-
YLR071C,3.19E+02
YLR072W,6.72E+02
YLR073C,3.77E+02
YLR074C,5.63E+03
YLR075W,-
YLR076C,-
YLR077W,#
YLR078C,-
YLR079W,7.68E+02
YLR080W,-
YLR081W,-
YLR082C,5.38E+02
YLR083C,#
YLR084C,3.67E+03
YLR085C,2.38E+02
YLR086W,5.73E+02
YLR087C,-
YLR088W,%
YLR089C,9.96E+03
YLR090W,1.21E+03
YLR091W,%
YLR092W,-
YLR093C,1.89E+03
YLR094C,1.05E+03
YLR095C,7.52E+03
YLR096W,-
YLR097C,%
YLR098C,3.96E+02
YLR099C,-
YLR099W-A,%
YLR100W,%
YLR101C,-
YLR102C,%
YLR103C,1.73E+03
YLR104W,1.99E+03
YLR105C,3.19E+02
YLR106C,5.38E+02
YLR107W,%
YLR108C,1.89E+02
YLR109W,1.62E+04
YLR110C,1.58E+05
YLR111W,-
YLR112W,-
YLR113W,6.78E+03
YLR114C,7.50E+03
YLR115W,3.06E+03
YLR116W,4.38E+03
YLR117C,2.14E+03
YLR118C,1.48E+03
YLR119W,%
YLR120C,5.44E+03
YLR121C,%
YLR122C,-
YLR123C,-
YLR124W,-
YLR125W,-
YLR126C,1.51E+03
YLR127C,4.32E+02
YLR128W,-
YLR129W,9.62E+03
YLR130C,#
YLR131C,5.38E+02
YLR132C,4.86E+02
YLR133W,3.93E+03
YLR134W,4.71E+05
YLR135W,2.74E+02
YLR136C,-
YLR137W,4.68E+02
YLR138W,1.48E+03
YLR139C,3.43E+03
YLR140W,-
YLR141W,%
YLR142W,1.84E+02
YLR143W,2.27E+03
YLR144C,1.42E+03
YLR145W,5.56E+02
YLR146C,3.87E+03
YLR147C,-
YLR148W,2.02E+03
YLR149C,%
YLR149C-A,-
YLR150W,4.68E+04
YLR151C,2.38E+02
YLR152C,-
YLR153C,2.25E+05
YLR154C,5.56E+02
YLR155C,-
YLR156W,-
YLR157C,-
YLR158C,-
YLR159W,-
YLR160C,-
YLR161W,-
YLR162W,-
YLR163C,1.36E+03
YLR164W,-
YLR165C,%
YLR166C,2.34E+03
YLR167W,-
YLR168C,2.91E+03
YLR169W,-
YLR170C,6.37E+03
YLR171W,-
YLR172C,1.35E+04
YLR173W,-
YLR174W,2.62E+03
YLR175W,3.36E+04
YLR176C,3.77E+02
YLR177W,1.55E+03
YLR178C,1.03E+03
YLR179C,6.23E+03
YLR180W,1.03E+05
YLR181C,4.40E+03
YLR182W,3.34E+03
YLR183C,2.84E+02
YLR184W,-
YLR185W,2.18E+04
YLR186W,-
YLR187W,%
YLR188W,1.04E+03
YLR189C,3.96E+02
YLR190W,1.07E+03
YLR191W,7.90E+03
YLR192C,1.79E+04
YLR193C,7.04E+02
YLR194C,6.88E+02
YLR195C,-
YLR196W,4.38E+04
YLR197W,1.35E+04
YLR198C,-
YLR199C,1.35E+03
YLR200W,7.84E+02
YLR201C,3.42E+03
YLR202C,-
YLR203C,4.80E+03
YLR204W,-
YLR205C,-
YLR206W,1.97E+03
YLR207W,-
YLR208W,2.14E+04
YLR209C,1.63E+03
YLR210W,9.89E+01
YLR211C,#
YLR212C,7.20E+03
YLR213C,-
YLR214W,8.92E+02
YLR215C,4.85E+03
YLR216C,1.86E+04
YLR217W,-
YLR218C,9.07E+02
YLR219W,1.31E+02
YLR220W,2.84E+03
YLR221C,2.94E+03
YLR222C,8.07E+03
YLR223C,1.43E+03
YLR224W,-
YLR225C,3.99E+03
YLR226W,2.91E+03
YLR227C,-
YLR228C,7.86E+01
YLR229C,-
YLR230W,-
YLR231C,3.06E+03
YLR232W,-
YLR233C,-
YLR234W,4.68E+02
YLR235C,-
YLR236C,-
YLR237W,3.12E+03
YLR238W,-
YLR239C,1.20E+03
YLR240W,1.08E+03
YLR241W,-
YLR242C,-
YLR243W,-
YLR244C,1.96E+04
YLR245C,3.12E+03
YLR246W,-
YLR247C,1.43E+02
YLR248W,1.79E+03
YLR249W,8.71E+05
YLR250W,6.90E+03
YLR251W,1.87E+03
YLR252W,-
YLR253W,1.60E+03
YLR254C,1.54E+03
YLR255C,-
YLR256W,-
YLR257W,1.86E+04
YLR258W,1.46E+04
YLR259C,-
YLR260W,1.76E+03
YLR261C,-
YLR262C,7.72E+03
YLR262C-A,3.10E+03
YLR263W,-
YLR264W,8.60E+03
YLR265C,3.77E+02
YLR266C,-
YLR267W,-
YLR268W,3.96E+02
YLR269C,-
YLR270W,9.92E+03
YLR271W,1.47E+03
YLR272C,2.54E+03
YLR273C,-
YLR274W,1.03E+04
YLR275W,7.99E+02
YLR276C,-
YLR277C,1.74E+04
YLR278C,1.08E+03
YLR279W,-
YLR280C,-
YLR281C,#
YLR282C,-
YLR283W,#
YLR284C,-
YLR285W,7.28E+03
YLR286C,6.35E+03
YLR287C,9.10E+03
YLR287C-A,3.76E+04
YLR288C,4.14E+02
YLR289W,1.89E+03
YLR290C,1.42E+03
YLR291C,6.65E+03
YLR292C,5.29E+03
YLR293C,-
YLR294C,-
YLR295C,6.14E+03
YLR296W,-
YLR297W,9.22E+02
YLR298C,2.14E+03
YLR299W,6.72E+02
YLR300W,4.28E+03
YLR301W,1.54E+04
YLR302C,-
YLR303W,-
YLR304C,9.67E+04
YLR305C,8.46E+02
YLR306W,-
YLR307W,-
YLR308W,-
YLR309C,2.35E+03
YLR310C,3.19E+02
YLR311C,-
YLR312C,-
YLR312W-A,6.49E+03
YLR313C,6.72E+02
YLR314C,-
YLR315W,1.63E+03
YLR316C,8.92E+02
YLR317W,-
YLR318W,-
YLR319C,2.61E+03
YLR320W,-
YLR321C,3.94E+03
YLR322W,-
YLR323C,9.96E+02
YLR324W,4.57E+03
YLR325C,5.02E+04
YLR326W,1.52E+03
YLR327C,5.04E+02
YLR328W,5.13E+03
YLR329W,-
YLR330W,1.72E+02
YLR331C,-
YLR332W,%
YLR333C,1.62E+05
YLR334C,-
YLR335W,2.96E+03
YLR336C,3.06E+03
YLR337C,%
YLR338W,-
YLR339C,-
YLR340W,-
YLR341W,-
YLR342W,#
YLR343W,-
YLR344W,#
YLR345W,3.38E+03
YLR346C,%
YLR347C,5.17E+04
YLR348C,3.39E+03
YLR349W,-
YLR350W,5.24E+03
YLR351C,4.51E+03
YLR352W,1.25E+02
YLR353W,-
YLR354C,5.30E+04
YLR355C,8.83E+05
YLR356W,%
YLR357W,2.33E+03
YLR358C,1.73E+03
YLR359W,-
YLR360W,1.07E+03
YLR361C,1.94E+03
YLR362W,7.36E+02
YLR363C,6.09E+03
YLR363W-A,6.65E+03
YLR364W,5.73E+02
YLR365W,-
YLR366W,-
YLR367W,1.97E+04
YLR368W,-
YLR369W,5.55E+03
YLR370C,1.92E+03
YLR371W,-
YLR372W,#
YLR373C,2.95E+03
YLR374C,-
YLR375W,1.24E+03
YLR376C,8.76E+02
YLR377C,5.89E+02
YLR378C,2.48E+04
YLR379W,-
YLR380W,9.60E+03
YLR381W,3.19E+02
YLR382C,2.12E+03
YLR383W,3.39E+02
YLR384C,1.05E+04
YLR385C,4.24E+03
YLR386W,1.24E+04
YLR387C,2.24E+03
YLR388W,6.49E+03
YLR389C,-
YLR390W,1.89E+03
YLR390W-A,4.20E+04
YLR392C,7.36E+02
YLR393W,1.89E+03
YLR394W,-
YLR395C,6.72E+02
YLR396C,8.30E+02
YLR397C,7.99E+02
YLR398C,5.77E+03
YLR399C,8.10E+03
YLR400W,-
YLR401C,3.63E+03
YLR402W,-
YLR403W,2.59E+02
YLR404W,8.46E+02
YLR405W,3.39E+03
YLR406C,5.75E+04
YLR407W,3.14E+03
YLR408C,4.68E+02
YLR409C,2.02E+03
YLR410W,8.81E+03
YLR411W,-
YLR412W,6.49E+03
YLR413W,4.28E+03
YLR414C,1.66E+03
YLR415C,-
YLR416C,-
YLR417W,2.47E+03
YLR418C,5.38E+02
YLR419W,1.95E+02
YLR420W,1.27E+04
YLR421C,1.22E+04
YLR422W,2.38E+02
YLR423C,3.58E+02
YLR424W,5.56E+02
YLR425W,-
YLR426W,2.13E+03
YLR427W,9.22E+02
YLR428C,-
YLR429W,2.90E+03
YLR430W,1.25E+02
YLR431C,5.38E+02
YLR432W,2.63E+04
YLR433C,7.04E+03
YLR434C,-
YLR435W,1.34E+04
YLR436C,1.08E+03
YLR437C,-
YLR438C-A,7.06E+03
YLR438W,7.20E+04
YLR439W,7.70E+03
YLR440C,1.84E+03
YLR441C,9.24E+04
YLR442C,1.40E+03
YLR443W,-
YLR444C,-
YLR445W,-
YLR446W,-
YLR447C,1.63E+03
YLR448W,3.84E+04
YLR449W,1.41E+04
YLR450W,1.49E+02
YLR451W,1.25E+02
YLR452C,5.98E+03
YLR453C,5.89E+02
YLR454W,1.36E+03
YLR455W,2.61E+03
YLR456W,5.89E+02
YLR457C,3.39E+02
YLR458W,-
YLR459W,-
YLR460C,7.99E+02
YLR461W,-
YLR462W,%
YLR463C,-
YLR464W,-
YLR465C,-
YLR466W,-
YLR467W,-
YML001W,5.53E+03
YML002W,-
YML003W,#
YML004C,2.57E+03
YML005W,6.56E+02
YML006C,2.22E+02
YML007C-A,%
YML007W,1.62E+03
YML008C,5.38E+04
YML009C,2.48E+03
YML010C-B,-
YML010W,2.34E+03
YML010W-A,-
YML011C,1.08E+03
YML012W,5.17E+04
YML013C-A,-
YML013W,1.26E+04
YML014W,2.36E+03
YML015C,-
YML016C,2.17E+02
YML017W,2.19E+03
YML018C,2.01E+03
YML019W,1.08E+03
YML020W,3.77E+02
YML021C,4.82E+03
YML022W,1.12E+04
YML023C,9.07E+02
YML024W,3.09E+04
YML025C,1.18E+03
YML026C,1.12E+05
YML027W,8.61E+02
YML028W,3.78E+05
YML029W,1.89E+03
YML030W,1.21E+03
YML031W,3.03E+03
YML032C,1.08E+03
YML034W,2.10E+03
YML035C,3.91E+03
YML035C-A,-
YML036W,-
YML037C,8.15E+02
YML038C,#
YML041C,#
YML042W,4.50E+02
YML043C,4.76E+02
YML046W,4.46E+03
YML047C,-
YML048W,2.14E+04
YML048W-A,-
YML049C,-
YML050W,-
YML051W,7.84E+02
YML052W,1.70E+04
YML053C,6.56E+02
YML054C,4.59E+03
YML055W,4.89E+03
YML056C,2.97E+03
YML057W,7.11E+03
YML058C-A,-
YML058W,1.88E+04
YML058W-A,#
YML059C,5.21E+02
YML060W,3.69E+03
YML061C,2.59E+02
YML062C,5.91E+03
YML063W,1.07E+05
YML064C,5.73E+02
YML065W,3.93E+03
YML066C,-
YML067C,3.00E+03
YML068W,8.46E+02
YML069W,2.24E+04
YML070W,2.36E+04
YML071C,6.44E+03
YML072C,4.28E+03
YML073C,3.71E+04
YML074C,9.49E+03
YML075C,%
YML076C,9.07E+02
YML077W,-
YML078W,1.96E+03
YML079W,%
YML080W,1.86E+03
YML081C-A,6.54E+03
YML081W,6.72E+02
YML082W,2.81E+03
YML083C,-
YML084W,-
YML085C,5.59E+03
YML086C,6.19E+03
YML087C,-
YML088W,6.39E+02
YML089C,-
YML090W,-
YML091C,1.16E+03
YML092C,7.06E+03
YML093W,1.47E+03
YML094W,2.90E+03
YML095C,-
YML095C-A,-
YML096W,3.75E+03
YML097C,4.28E+03
YML098W,2.08E+03
YML099C,-
YML100W,1.96E+03
YML100W-A,-
YML101C,1.85E+03
YML102C-A,-
YML102W,2.13E+03
YML103C,1.17E+04
YML104C,7.84E+02
YML105C,#
YML106W,3.93E+04
YML107C,2.21E+03
YML108W,2.61E+03
YML109W,1.05E+02
YML110C,8.10E+03
YML111W,3.39E+02
YML112W,2.64E+03
YML113W,4.70E+03
YML114C,4.68E+03
YML115C,4.75E+03
YML116W,1.72E+03
YML117W,1.54E+03
YML117W-A,-
YML118W,4.14E+02
YML119W,-
YML120C,5.24E+03
YML121W,9.07E+02
YML122C,-
YML123C,3.35E+05
YML124C,1.23E+04
YML125C,2.90E+04
YML126C,3.48E+04
YML127W,2.61E+03
YML128C,1.07E+03
YML129C,6.84E+03
YML130C,-
YML131W,%
YML132W,6.39E+02
YML133C,-
YMR001C,1.48E+03
YMR002W,6.96E+03
YMR003W,2.82E+03
YMR004W,2.21E+03
YMR005W,1.94E+03
YMR006C,6.23E+02
YMR007W,-
YMR008C,-
YMR009W,-
YMR010W,9.37E+02
YMR011W,#
YMR012W,1.70E+04
YMR013C,-
YMR013W-A,-
YMR014W,3.25E+03
YMR015C,2.47E+04
YMR016C,3.14E+02
YMR017W,-
YMR018W,-
YMR019W,9.89E+01
YMR020W,6.96E+03
YMR021C,1.48E+04
YMR022W,2.10E+03
YMR023C,7.68E+02
YMR024W,3.00E+02
YMR025W,-
YMR026C,9.07E+02
YMR027W,6.19E+03
YMR028W,-
YMR029C,4.01E+03
YMR030W,-
YMR031C,5.57E+03
YMR031W-A,-
YMR032W,1.95E+02
YMR033W,1.79E+03
YMR034C,-
YMR035W,-
YMR036C,%
YMR037C,1.25E+02
YMR038C,1.20E+04
YMR039C,7.82E+03
YMR040W,-
YMR041C,-
YMR042W,-
YMR043W,8.97E+03
YMR044W,5.82E+03
YMR046W-A,-
YMR047C,-
YMR048W,3.58E+02
YMR049C,2.68E+03
YMR052C-A,-
YMR052W,1.54E+03
YMR053C,%
YMR054W,1.08E+03
YMR055C,-
YMR056C,-
YMR057C,-
YMR058W,1.05E+03
YMR059W,-
YMR060C,1.58E+03
YMR061W,5.35E+03
YMR062C,-
YMR063W,-
YMR064W,5.04E+02
YMR065W,-
YMR066W,3.96E+02
YMR067C,3.57E+03
YMR068W,1.18E+03
YMR069W,%
YMR070W,1.69E+03
YMR071C,#
YMR072W,3.81E+03
YMR073C,4.50E+02
YMR074C,2.55E+03
YMR075C-A,-
YMR075W,4.86E+02
YMR076C,7.72E+03
YMR077C,9.37E+02
YMR078C,%
YMR079W,8.43E+04
YMR080C,6.09E+03
YMR081C,-
YMR082C,-
YMR083W,1.16E+04
YMR084W,-
YMR085W,-
YMR086C-A,-
YMR086W,%
YMR087W,-
YMR088C,-
YMR089C,1.15E+04
YMR090W,7.04E+02
YMR091C,3.51E+03
YMR092C,1.11E+04
YMR093W,3.58E+02
YMR094W,-
YMR095C,%
YMR096W,#
YMR097C,1.63E+03
YMR098C,2.43E+03
YMR099C,8.58E+03
YMR100W,1.25E+02
YMR101C,-
YMR102C,5.38E+02
YMR103C,-
YMR104C,1.31E+03
YMR105C,3.79E+03
YMR106C,3.58E+02
YMR107W,2.59E+02
YMR108W,3.19E+04
YMR109W,2.28E+03
YMR110C,2.93E+03
YMR111C,2.38E+02
YMR112C,3.96E+02
YMR113W,2.34E+03
YMR114C,%
YMR115W,8.97E+03
YMR116C,3.33E+05
YMR117C,1.75E+03
YMR118C,-
YMR119W,-
YMR119W-A,-
YMR120C,6.09E+04
YMR121C,7.21E+02
YMR122C,-
YMR122W-A,4.95E+04
YMR123W,5.75E+03
YMR124W,1.66E+02
YMR125W,1.13E+04
YMR126C,1.20E+03
YMR127C,%
YMR128W,2.00E+03
YMR129W,3.41E+03
YMR130W,-
YMR131C,-
YMR132C,3.06E+03
YMR133W,-
YMR134W,2.95E+03
YMR135C,6.39E+02
YMR135W-A,-
YMR136W,-
YMR137C,2.59E+02
YMR138W,4.68E+02
YMR139W,6.99E+03
YMR140W,5.56E+02
YMR141C,-
YMR142C,5.42E+04
YMR143W,3.38E+04
YMR144W,2.12E+03
YMR145C,4.93E+03
YMR146C,2.40E+03
YMR147W,-
YMR148W,9.22E+02
YMR149W,8.45E+03
YMR150C,-
YMR151W,-
YMR152W,6.54E+03
YMR153C-A,-
YMR153W,2.06E+03
YMR154C,4.32E+02
YMR155W,-
YMR156C,-
YMR157C,1.71E+03
YMR158C-B,-
YMR158W,-
YMR158W-A,-
YMR159C,5.73E+02
YMR160W,2.79E+02
YMR161W,1.84E+03
YMR162C,%
YMR163C,7.36E+02
YMR164C,%
YMR165C,3.91E+03
YMR166C,2.06E+03
YMR167W,3.19E+02
YMR168C,1.90E+03
YMR169C,1.72E+02
YMR170C,2.07E+03
YMR171C,6.56E+02
YMR172C-A,-
YMR172W,1.49E+02
YMR173W,%
YMR173W-A,-
YMR174C,%
YMR175W,2.30E+03
YMR176W,2.59E+02
YMR177W,6.49E+03
YMR178W,3.89E+03
YMR179W,%
YMR180C,-
YMR181C,7.21E+02
YMR182C,1.23E+03
YMR183C,1.72E+03
YMR184W,1.27E+03
YMR185W,-
YMR186W,1.32E+05
YMR187C,-
YMR188C,2.81E+03
YMR189W,1.20E+04
YMR190C,-
YMR191W,-
YMR192W,2.01E+03
YMR193C-A,-
YMR193W,4.01E+03
YMR194C-A,-
YMR194W,3.16E+04
YMR195W,4.05E+03
YMR196W,2.22E+03
YMR197C,-
YMR198W,9.89E+01
YMR199W,3.19E+02
YMR200W,2.36E+03
YMR201C,1.03E+03
YMR202W,2.64E+03
YMR203W,-
YMR204C,6.39E+02
YMR205C,9.02E+04
YMR206W,-
YMR207C,3.96E+02
YMR208W,3.30E+03
YMR209C,9.81E+02
YMR210W,-
YMR211W,-
YMR212C,1.67E+03
YMR213W,7.84E+02
YMR214W,8.26E+03
YMR215W,1.64E+04
YMR216C,2.42E+03
YMR217W,-
YMR218C,4.32E+02
YMR219W,-
YMR220W,7.97E+01
YMR221C,-
YMR222C,1.07E+03
YMR223W,1.03E+03
YMR224C,4.32E+02
YMR225C,1.56E+03
YMR226C,3.21E+03
YMR227C,1.05E+03
YMR228W,9.38E+03
YMR229C,8.86E+03
YMR230W,7.65E+03
YMR231W,1.20E+03
YMR232W,-
YMR233W,2.36E+03
YMR234W,1.49E+02
YMR235C,5.22E+04
YMR236W,6.58E+03
YMR237W,3.46E+03
YMR238W,2.95E+03
YMR239C,4.97E+03
YMR240C,1.83E+03
YMR241W,2.93E+03
YMR242C,5.43E+04
YMR243C,8.20E+03
YMR244C-A,7.21E+02
YMR244W,-
YMR245W,-
YMR246W,3.12E+04
YMR247C,2.22E+02
YMR250W,1.20E+03
YMR251W,-
YMR251W-A,6.14E+03
YMR252C,1.72E+02
YMR253C,-
YMR254C,-
YMR255W,2.73E+03
YMR256C,6.39E+02
YMR257C,5.38E+02
YMR258C,3.08E+03
YMR259C,7.11E+03
YMR260C,3.51E+04
YMR261C,1.35E+04
YMR262W,1.25E+02
YMR263W,7.04E+02
YMR264W,5.89E+02
YMR265C,-
YMR266W,%
YMR267W,1.95E+02
YMR268C,6.72E+02
YMR269W,#
YMR270C,%
YMR271C,8.15E+02
YMR272C,3.29E+03
YMR273C,2.79E+02
YMR274C,-
YMR275C,4.86E+02
YMR276W,3.93E+03
YMR277W,6.55E+03
YMR278W,4.96E+03
YMR279C,-
YMR280C,%
YMR281W,#
YMR282C,2.68E+03
YMR283C,2.59E+02
YMR284W,8.92E+02
YMR285C,3.57E+03
YMR286W,1.20E+03
YMR287C,1.07E+03
YMR288W,5.21E+02
YMR289W,7.68E+02
YMR290C,-
YMR290W-A,2.17E+02
YMR291W,1.02E+04
YMR292W,-
YMR293C,4.86E+02
YMR294W,-
YMR294W-A,-
YMR295C,1.08E+04
YMR296C,2.24E+04
YMR297W,4.40E+04
YMR298W,-
YMR299C,1.17E+03
YMR300C,1.87E+04
YMR301C,3.25E+03
YMR302C,5.26E+03
YMR303C,1.62E+03
YMR304C-A,-
YMR304W,2.81E+03
YMR305C,1.05E+04
YMR306C-A,-
YMR306W,-
YMR307W,1.24E+04
YMR308C,1.55E+04
YMR309C,7.89E+04
YMR310C,2.54E+03
YMR311C,3.44E+03
YMR312W,-
YMR313C,3.21E+03
YMR314W,7.21E+03
YMR315W,9.60E+03
YMR316C-A,-
YMR316C-B,-
YMR316W,7.36E+02
YMR317W,-
YMR318C,2.17E+04
YMR319C,5.73E+02
YMR320W,-
YMR321C,-
YMR322C,%
YMR323W,-
YMR324C,-
YMR325W,-
YMR326C,-
YNL001W,1.72E+03
YNL002C,7.72E+03
YNL003C,5.21E+02
YNL004W,1.99E+03
YNL005C,2.29E+03
YNL006W,5.89E+02
YNL007C,2.03E+04
YNL008C,%
YNL009W,#
YNL010W,1.26E+04
YNL011C,1.10E+03
YNL012W,-
YNL013C,-
YNL014W,1.25E+02
YNL015W,#
YNL016W,4.96E+04
YNL017C,-
YNL018C,-
YNL019C,-
YNL020C,1.55E+03
YNL021W,3.05E+03
YNL022C,9.22E+02
YNL023C,5.89E+02
YNL024C,1.76E+03
YNL025C,#
YNL026W,-
YNL027W,1.16E+03
YNL028W,-
YNL029C,4.50E+02
YNL030W,6.81E+05
YNL031C,2.48E+05
YNL032W,4.07E+03
YNL033W,3.96E+02
YNL034W,-
YNL035C,3.97E+03
YNL036W,2.33E+03
YNL037C,1.05E+04
YNL038W,-
YNL039W,%
YNL040W,1.47E+03
YNL041C,1.72E+03
YNL042W,-
YNL043C,-
YNL044W,5.50E+03
YNL045W,5.59E+03
YNL046W,7.04E+02
YNL047C,2.61E+03
YNL048W,3.14E+03
YNL049C,1.72E+03
YNL050C,-
YNL051W,4.68E+02
YNL052W,3.67E+03
YNL053W,5.38E+02
YNL054W,-
YNL055C,#
YNL056W,4.53E+03
YNL057W,-
YNL058C,%
YNL059C,2.17E+03
YNL061W,1.87E+04
YNL062C,2.58E+03
YNL063W,1.32E+04
YNL064C,1.19E+05
YNL065W,-
YNL066W,2.47E+04
YNL067W,7.60E+04
YNL067W-A,-
YNL068C,6.56E+02
YNL069C,-
YNL070W,3.25E+03
YNL071W,5.44E+03
YNL072W,6.23E+02
YNL073W,2.28E+03
YNL074C,-
YNL075W,-
YNL076W,-
YNL077W,1.25E+02
YNL078W,5.04E+02
YNL079C,3.06E+03
YNL080C,9.37E+02
YNL081C,2.59E+02
YNL082W,5.21E+02
YNL083W,1.17E+03
YNL084C,2.61E+03
YNL085W,3.43E+03
YNL086W,1.95E+02
YNL087W,2.63E+03
YNL088W,5.73E+03
YNL089C,-
YNL090W,3.87E+03
YNL091W,2.17E+02
YNL092W,9.52E+02
YNL093W,8.30E+02
YNL094W,2.29E+03
YNL095C,%
YNL096C,4.35E+04
YNL097C,3.25E+03
YNL098C,1.98E+04
YNL099C,2.31E+03
YNL100W,5.46E+03
YNL101W,%
YNL102W,1.05E+03
YNL103W,1.30E+03
YNL104C,6.63E+03
YNL105W,-
YNL106C,%
YNL107W,2.59E+02
YNL108C,1.95E+03
YNL109W,%
YNL110C,4.28E+03
YNL111C,5.39E+03
YNL112W,3.31E+04
YNL113W,8.68E+03
YNL114C,-
YNL115C,-
YNL116W,1.75E+03
YNL117W,-
YNL118C,8.53E+03
YNL119W,2.86E+03
YNL120C,-
YNL121C,4.53E+04
YNL122C,%
YNL123W,3.15E+03
YNL124W,1.81E+03
YNL125C,-
YNL126W,5.69E+01
YNL127W,1.08E+03
YNL128W,-
YNL129W,1.46E+03
YNL130C,9.81E+02
YNL131W,6.61E+03
YNL132W,%
YNL133C,4.68E+02
YNL134C,3.49E+03
YNL135C,4.33E+04
YNL136W,3.00E+02
YNL137C,3.27E+03
YNL138W,8.76E+03
YNL139C,5.21E+02
YNL140C,1.59E+03
YNL141W,2.07E+04
YNL142W,#
YNL143C,2.38E+02
YNL144C,-
YNL145W,-
YNL146W,-
YNL147W,3.07E+03
YNL148C,6.56E+02
YNL149C,-
YNL150W,-
YNL151C,-
YNL152W,#
YNL153C,7.47E+03
YNL154C,6.16E+03
YNL155W,4.28E+03
YNL156C,3.39E+03
YNL157W,%
YNL158W,6.94E+03
YNL159C,-
YNL160W,-
YNL161W,4.50E+02
YNL162W,1.36E+04
YNL162W-A,3.96E+02
YNL163C,7.77E+03
YNL164C,-
YNL165W,-
YNL166C,-
YNL167C,5.04E+02
YNL168C,2.55E+03
YNL169C,1.08E+03
YNL170W,-
YNL171C,-
YNL172W,1.78E+02
YNL173C,1.24E+03
YNL174W,-
YNL175C,3.83E+03
YNL176C,-
YNL177C,1.81E+03
YNL178W,1.46E+05
YNL179C,-
YNL180C,2.18E+03
YNL181W,1.39E+04
YNL182C,-
YNL183C,2.84E+02
YNL184C,6.23E+02
YNL185C,3.19E+03
YNL186W,%
YNL187W,%
YNL188W,-
YNL189W,2.79E+03
YNL190W,1.38E+03
YNL191W,7.30E+03
YNL192W,-
YNL193W,-
YNL194C,-
YNL195C,-
YNL196C,-
YNL197C,5.73E+03
YNL198C,-
YNL199C,-
YNL200C,1.38E+03
YNL201C,7.01E+03
YNL202W,-
YNL203C,-
YNL204C,-
YNL205C,-
YNL206C,1.11E+04
YNL207W,1.03E+04
YNL208W,-
YNL209W,1.04E+05
YNL210W,-
YNL211C,%
YNL212W,3.50E+03
YNL213C,1.16E+03
YNL214W,6.56E+02
YNL215W,1.47E+03
YNL216W,4.39E+03
YNL217W,%
YNL218W,1.18E+03
YNL219C,#
YNL220W,5.68E+04
YNL221C,8.46E+02
YNL222W,-
YNL223W,3.30E+03
YNL224C,1.44E+03
YNL225C,#
YNL226W,-
YNL227C,2.31E+03
YNL228W,-
YNL229C,7.06E+03
YNL230C,8.15E+02
YNL231C,1.54E+04
YNL232W,5.55E+03
YNL233W,%
YNL234W,1.95E+02
YNL235C,-
YNL236W,1.72E+03
YNL237W,-
YNL238W,%
YNL239W,5.21E+02
YNL240C,-
YNL241C,1.50E+04
YNL242W,8.76E+02
YNL243W,4.06E+04
YNL244C,-
YNL245C,8.61E+02
YNL246W,3.12E+03
YNL247W,2.30E+04
YNL248C,%
YNL249C,1.05E+03
YNL250W,8.30E+02
YNL251C,1.96E+04
YNL252C,7.43E+03
YNL253W,-
YNL254C,7.99E+02
YNL255C,9.67E+04
YNL256W,4.59E+03
YNL257C,4.32E+02
YNL258C,8.97E+03
YNL259C,-
YNL260C,7.84E+02
YNL261W,7.68E+02
YNL262W,1.97E+03
YNL263C,-
YNL264C,5.04E+03
YNL265C,4.76E+03
YNL266W,-
YNL267W,1.60E+03
YNL268W,2.58E+03
YNL269W,-
YNL270C,-
YNL271C,1.66E+02
YNL272C,1.32E+04
YNL273W,9.52E+02
YNL274C,3.28E+03
YNL275W,1.95E+02
YNL276C,-
YNL277W,2.24E+03
YNL278W,1.38E+03
YNL279W,%
YNL280C,1.60E+03
YNL281W,8.53E+03
YNL282W,1.36E+03
YNL283C,%
YNL284C,5.35E+03
YNL285W,-
YNL286W,1.36E+03
YNL287W,7.79E+04
YNL288W,1.88E+04
YNL289W,6.06E+02
YNL290W,3.14E+03
YNL291C,3.21E+03
YNL292W,3.99E+03
YNL293W,1.78E+02
YNL294C,-
YNL295W,5.04E+02
YNL296W,-
YNL297C,2.41E+03
YNL298W,%
YNL299W,2.24E+03
YNL300W,1.48E+03
YNL301C,6.37E+04
YNL302C,3.44E+03
YNL303W,-
YNL304W,2.85E+03
YNL305C,-
YNL306W,5.30E+03
YNL307C,3.96E+02
YNL308C,1.78E+03
YNL309W,3.19E+02
YNL310C,1.52E+03
YNL311C,4.32E+02
YNL312W,6.08E+03
YNL313C,8.07E+03
YNL314W,-
YNL315C,2.84E+03
YNL316C,2.02E+03
YNL317W,7.81E+03
YNL318C,-
YNL319W,-
YNL320W,2.59E+02
YNL321W,2.59E+02
YNL322C,6.23E+02
YNL323W,2.46E+03
YNL324W,-
YNL325C,3.39E+02
YNL326C,2.13E+03
YNL327W,-
YNL328C,5.73E+02
YNL329C,1.63E+03
YNL330C,3.85E+03
YNL331C,-
YNL332W,-
YNL333W,-
YNL334C,-
YNL335W,-
YNL336W,1.73E+03
YNL337W,-
YNL338W,-
YNR001C,-
YNR001W-A,-
YNR002C,#
YNR003C,-
YNR004W,1.72E+03
YNR005C,-
YNR006W,1.72E+02
YNR007C,3.61E+03
YNR008W,-
YNR009W,2.88E+03
YNR010W,1.36E+03
YNR011C,1.72E+02
YNR012W,%
YNR013C,4.28E+03
YNR014W,2.36E+03
YNR015W,2.65E+03
YNR016C,2.02E+04
YNR017W,1.44E+03
YNR018W,1.20E+04
YNR019W,2.79E+02
YNR020C,-
YNR021W,3.49E+04
YNR022C,-
YNR023W,-
YNR024W,1.35E+03
YNR025C,-
YNR026C,6.16E+03
YNR027W,6.58E+03
YNR028W,-
YNR029C,1.56E+03
YNR030W,3.55E+03
YNR031C,2.17E+02
YNR032C-A,-
YNR032W,1.96E+03
YNR033W,1.55E+03
YNR034W,1.97E+03
YNR034W-A,2.82E+03
YNR035C,1.34E+04
YNR036C,2.38E+02
YNR037C,-
YNR038W,1.27E+04
YNR039C,#
YNR040W,1.14E+03
YNR041C,-
YNR042W,-
YNR043W,1.37E+04
YNR044W,-
YNR045W,4.50E+02
YNR046W,4.80E+03
YNR047W,7.52E+02
YNR048W,4.51E+03
YNR049C,1.38E+03
YNR050C,5.75E+04
YNR051C,1.17E+04
YNR052C,1.52E+03
YNR053C,6.77E+04
YNR054C,1.28E+04
YNR055C,#
YNR056C,-
YNR057C,-
YNR058W,-
YNR059W,-
YNR060W,-
YNR061C,3.39E+02
YNR062C,-
YNR063W,-
YNR064C,-
YNR065C,-
YNR066C,-
YNR067C,6.43E+01
YNR068C,-
YNR069C,-
YNR070W,-
YNR071C,-
YNR072W,-
YNR073C,-
YNR074C,1.56E+03
YNR075W,2.37E+03
YNR076W,-
YNR077C,-
YOL001W,#
YOL002C,-
YOL003C,-
YOL004W,1.66E+03
YOL005C,4.28E+03
YOL006C,2.97E+03
YOL007C,-
YOL008W,-
YOL009C,1.07E+03
YOL010W,1.00E+04
YOL011W,%
YOL012C,2.84E+03
YOL013C,2.66E+03
YOL013W-A,-
YOL014W,-
YOL015W,-
YOL016C,7.50E+03
YOL017W,4.32E+02
YOL018C,-
YOL019W,#
YOL020W,7.52E+02
YOL021C,6.06E+02
YOL022C,1.25E+02
YOL023W,1.40E+03
YOL024W,-
YOL025W,1.95E+02
YOL026C,-
YOL027C,7.39E+03
YOL028C,1.69E+03
YOL029C,-
YOL030W,1.17E+04
YOL031C,2.42E+03
YOL032W,1.91E+03
YOL033W,2.94E+03
YOL034W,8.92E+02
YOL035C,-
YOL036W,-
YOL037C,-
YOL038W,1.68E+04
YOL039W,4.28E+05
YOL040C,-
YOL041C,5.91E+03
YOL042W,3.48E+03
YOL043C,1.25E+02
YOL044W,1.07E+03
YOL045W,2.22E+03
YOL046C,1.78E+03
YOL047C,1.55E+02
YOL048C,%
YOL049W,3.43E+03
YOL050C,-
YOL051W,6.06E+02
YOL052C,7.06E+03
YOL052C-A,7.84E+02
YOL053W,-
YOL054W,6.49E+03
YOL055C,1.95E+02
YOL056W,3.73E+03
YOL057W,3.26E+03
YOL058W,1.87E+03
YOL059W,8.97E+03
YOL060C,5.89E+03
YOL061W,3.31E+03
YOL062C,3.41E+03
YOL063C,1.25E+02
YOL064C,7.33E+03
YOL065C,1.20E+03
YOL066C,1.54E+03
YOL067C,2.19E+03
YOL068C,1.44E+03
YOL069W,1.55E+03
YOL070C,1.62E+03
YOL071W,1.08E+03
YOL072W,1.14E+03
YOL073C,-
YOL075C,-
YOL076W,5.80E+03
YOL077C,1.32E+04
YOL077W-A,1.32E+03
YOL078W,7.04E+02
YOL079W,-
YOL080C,4.28E+03
YOL081W,#
YOL082W,1.25E+03
YOL083W,-
YOL084W,-
YOL085C,-
YOL086C,-
YOL086W-A,-
YOL087C,5.89E+02
YOL088C,1.52E+03
YOL089C,2.38E+02
YOL090W,1.23E+03
YOL091W,-
YOL092W,1.80E+03
YOL093W,4.09E+03
YOL094C,2.76E+03
YOL095C,-
YOL096C,2.59E+02
YOL097C,1.21E+04
YOL098C,8.12E+03
YOL099C,-
YOL100W,%
YOL101C,#
YOL102C,6.72E+02
YOL103W,4.68E+02
YOL104C,%
YOL105C,#
YOL106W,-
YOL107W,1.63E+03
YOL108C,5.21E+02
YOL109W,#
YOL110W,9.37E+02
YOL111C,6.51E+03
YOL112W,1.73E+03
YOL113W,2.38E+02
YOL114C,-
YOL115W,7.55E+03
YOL116W,4.91E+02
YOL117W,1.32E+03
YOL118C,-
YOL119C,-
YOL120C,-
YOL121C,2.90E+04
YOL122C,-
YOL123W,-
YOL124C,2.02E+03
YOL125W,1.23E+03
YOL126C,5.26E+03
YOL127W,-
YOL128C,-
YOL129W,1.90E+03
YOL130W,%
YOL131W,-
YOL132W,-
YOL133W,-
YOL134C,-
YOL135C,7.60E+03
YOL136C,%
YOL137W,4.14E+02
YOL138C,6.06E+02
YOL139C,1.42E+04
YOL140W,2.30E+03
YOL141W,8.30E+02
YOL142W,6.05E+03
YOL143C,3.26E+03
YOL144W,2.17E+03
YOL145C,1.29E+04
YOL146W,2.21E+03
YOL147C,1.63E+03
YOL148C,4.15E+03
YOL149W,2.88E+03
YOL150C,-
YOL151W,5.46E+03
YOL152W,-
YOL153C,-
YOL154W,-
YOL155C,-
YOL156W,-
YOL157C,-
YOL158C,-
YOL159C,-
YOL159C-A,1.25E+02
YOL160W,-
YOL161C,-
YOL162W,-
YOL163W,-
YOL164W,-
YOL165C,-
YOL166C,-
YOR001W,2.16E+03
YOR002W,-
YOR003W,-
YOR004W,6.96E+03
YOR005C,-
YOR006C,3.61E+03
YOR007C,9.42E+03
YOR008C,6.64E+02
YOR008C-A,-
YOR008W-B,-
YOR009W,-
YOR010C,-
YOR011W,-
YOR012W,-
YOR013W,-
YOR014W,3.00E+02
YOR015W,-
YOR016C,2.71E+03
YOR017W,1.73E+03
YOR018W,3.86E+02
YOR019W,-
YOR020C,1.49E+02
YOR021C,2.52E+03
YOR022C,7.36E+02
YOR023C,3.39E+02
YOR024W,-
YOR025W,3.19E+02
YOR026W,1.43E+03
YOR027W,6.76E+04
YOR028C,#
YOR029W,-
YOR030W,-
YOR031W,-
YOR032C,-
YOR033C,6.72E+02
YOR034C,8.15E+02
YOR035C,3.41E+03
YOR036W,-
YOR037W,2.73E+03
YOR038C,9.22E+02
YOR039W,7.16E+03
YOR040W,#
YOR041C,-
YOR042W,6.23E+02
YOR043W,1.80E+03
YOR044W,4.28E+03
YOR045W,-
YOR046C,1.49E+04
YOR047C,2.38E+02
YOR048C,6.23E+02
YOR049C,-
YOR050C,-
YOR051C,1.08E+04
YOR052C,9.52E+03
YOR053W,-
YOR054C,-
YOR055W,-
YOR056C,4.49E+03
YOR057W,1.34E+03
YOR058C,5.56E+02
YOR059C,1.21E+03
YOR060C,1.69E+03
YOR061W,4.54E+03
YOR062C,2.01E+03
YOR063W,4.50E+02
YOR064C,8.61E+02
YOR065W,3.99E+04
YOR066W,-
YOR067C,-
YOR068C,-
YOR069W,6.12E+03
YOR070C,2.06E+02
YOR071C,%
YOR072W,-
YOR073W,%
YOR074C,-
YOR075W,-
YOR076C,2.33E+02
YOR077W,4.59E+03
YOR078W,2.12E+03
YOR079C,-
YOR080W,-
YOR081C,3.58E+02
YOR082C,-
YOR083W,1.44E+03
YOR084W,2.35E+03
YOR085W,4.03E+03
YOR086C,6.14E+03
YOR087W,1.31E+03
YOR088W,6.39E+02
YOR089C,8.76E+03
YOR090C,7.55E+03
YOR091W,4.22E+03
YOR092W,%
YOR093C,4.11E+01
YOR094W,1.24E+03
YOR095C,5.68E+03
YOR096W,4.10E+04
YOR097C,1.20E+03
YOR098C,4.68E+02
YOR099W,5.48E+03
YOR100C,-
YOR101W,2.05E+03
YOR102W,-
YOR103C,-
YOR104W,9.96E+02
YOR105W,3.67E+03
YOR106W,4.14E+02
YOR107W,#
YOR108W,2.88E+04
YOR109W,1.52E+03
YOR110W,2.66E+03
YOR111W,1.94E+03
YOR112W,1.36E+03
YOR113W,5.56E+02
YOR114W,-
YOR115C,-
YOR116C,6.02E+03
YOR117W,-
YOR118W,2.60E+03
YOR119C,-
YOR120W,%
YOR121C,-
YOR122C,-
YOR123C,1.11E+03
YOR124C,2.42E+03
YOR125C,-
YOR126C,-
YOR127W,3.96E+02
YOR128C,5.41E+03
YOR129C,7.68E+02
YOR130C,4.32E+02
YOR131C,3.96E+02
YOR132W,7.38E+03
YOR133W,8.27E+04
YOR134W,-
YOR135C,-
YOR136W,4.31E+04
YOR137C,-
YOR138C,5.93E+03
YOR139C,-
YOR140W,1.04E+03
YOR141C,1.01E+03
YOR142W,1.84E+04
YOR143C,3.32E+03
YOR144C,%
YOR145C,-
YOR146W,-
YOR147W,1.04E+04
YOR148C,7.52E+02
YOR149C,-
YOR150W,6.73E+03
YOR151C,1.87E+04
YOR152C,1.89E+03
YOR153W,4.20E+04
YOR154W,3.25E+03
YOR155C,1.59E+03
YOR156C,3.17E+03
YOR157C,1.14E+04
YOR158W,2.01E+03
YOR159C,5.56E+02
YOR160W,6.34E+03
YOR161C,%
YOR162C,-
YOR163W,3.44E+03
YOR164C,5.35E+03
YOR165W,2.27E+03
YOR166C,-
YOR167C,9.45E+04
YOR168W,3.75E+04
YOR169C,-
YOR170W,-
YOR171C,2.84E+03
YOR172W,1.25E+02
YOR173W,1.81E+03
YOR174W,1.62E+03
YOR175C,#
YOR176W,2.27E+04
YOR177C,%
YOR178C,-
YOR179C,1.43E+03
YOR180C,%
YOR181W,8.58E+03
YOR182C,1.85E+04
YOR183W,-
YOR184W,1.59E+04
YOR185C,2.46E+03
YOR186W,-
YOR187W,5.85E+04
YOR188W,1.72E+02
YOR189W,5.38E+02
YOR190W,-
YOR191W,%
YOR192C,-
YOR193W,3.82E+02
YOR194C,-
YOR195W,3.14E+02
YOR196C,1.63E+03
YOR197W,1.40E+03
YOR198C,3.34E+04
YOR199W,%
YOR200W,-
YOR201C,2.76E+03
YOR202W,2.10E+03
YOR203W,-
YOR204W,-
YOR205C,9.37E+02
YOR206W,2.90E+04
YOR207C,1.95E+03
YOR208W,1.49E+02
YOR209C,3.21E+04
YOR210W,5.30E+03
YOR211C,-
YOR212W,2.05E+03
YOR213C,1.80E+03
YOR214C,#
YOR215C,2.87E+03
YOR216C,7.62E+03
YOR217W,2.36E+03
YOR218C,-
YOR219C,%
YOR220W,9.67E+02
YOR221C,1.36E+03
YOR222W,-
YOR223W,%
YOR224C,6.21E+03
YOR225W,-
YOR226C,3.42E+03
YOR227W,1.95E+02
YOR228C,-
YOR229W,3.75E+03
YOR230W,7.75E+03
YOR231W,1.04E+03
YOR232W,-
YOR233W,1.43E+02
YOR234C,6.56E+04
YOR235W,-
YOR236W,1.08E+03
YOR237W,1.69E+03
YOR238W,8.92E+02
YOR239W,1.70E+04
YOR241W,7.08E+03
YOR242C,3.00E+03
YOR243C,4.15E+03
YOR244W,1.17E+03
YOR245C,9.07E+02
YOR246C,9.67E+02
YOR247W,%
YOR248W,-
YOR249C,2.59E+02
YOR250C,-
YOR250C,-
YOR251C,5.77E+03
YOR252W,5.35E+03
YOR253W,2.37E+03
YOR254C,1.77E+04
YOR255W,-
YOR256C,3.00E+02
YOR257W,-
YOR258W,3.96E+02
YOR259C,-
YOR260W,9.53E+03
YOR261C,1.98E+04
YOR262W,9.23E+03
YOR263C,-
YOR264W,9.22E+02
YOR265W,1.76E+03
YOR266W,1.46E+03
YOR267C,3.00E+02
YOR268C,-
YOR269W,%
YOR270C,5.57E+04
YOR271C,9.29E+03
YOR272W,6.67E+03
YOR273C,2.14E+04
YOR274W,2.02E+03
YOR275C,2.88E+03
YOR276W,2.69E+04
YOR277C,-
YOR278W,1.36E+03
YOR279C,8.61E+02
YOR280C,-
YOR281C,7.70E+03
YOR282W,-
YOR283W,8.30E+03
YOR284W,1.36E+03
YOR285W,7.47E+03
YOR286W,4.22E+03
YOR287C,-
YOR288C,8.30E+02
YOR289W,1.71E+03
YOR290C,2.17E+02
YOR291W,#
YOR292C,-
YOR293W,5.41E+04
YOR294W,-
YOR295W,6.39E+02
YOR296W,3.00E+02
YOR297C,4.44E+03
YOR298C-A,4.73E+04
YOR298W,-
YOR299W,2.07E+03
YOR300W,-
YOR301W,-
YOR302W,-
YOR303W,2.58E+03
YOR304C-A,6.56E+02
YOR304W,1.52E+03
YOR305W,1.42E+03
YOR306C,-
YOR307C,7.84E+02
YOR308C,%
YOR309C,-
YOR310C,3.47E+04
YOR311C,7.84E+02
YOR312C,#
YOR313C,-
YOR314W,-
YOR314W-A,-
YOR315W,%
YOR316C,2.07E+03
YOR317W,7.47E+03
YOR318C,-
YOR319W,1.24E+03
YOR320C,2.38E+02
YOR321W,2.72E+03
YOR322C,2.95E+02
YOR323C,6.92E+03
YOR324C,2.59E+02
YOR325W,-
YOR326W,4.34E+03
YOR327C,3.00E+02
YOR328W,-
YOR329C,7.04E+02
YOR330C,3.77E+02
YOR331C,-
YOR332W,1.61E+04
YOR333C,-
YOR334W,7.68E+02
YOR335C,3.38E+04
YOR336W,8.15E+02
YOR337W,7.36E+02
YOR338W,-
YOR339C,-
YOR340C,4.07E+03
YOR341W,2.84E+03
YOR342C,1.36E+03
YOR343C,-
YOR344C,4.86E+02
YOR345C,-
YOR346W,5.21E+02
YOR347C,2.13E+03
YOR348C,-
YOR349W,7.04E+02
YOR350C,8.61E+02
YOR351C,-
YOR352W,3.51E+03
YOR353C,8.92E+02
YOR354C,7.25E+03
YOR355W,2.28E+03
YOR356W,3.32E+03
YOR357C,%
YOR358W,4.50E+02
YOR359W,3.20E+03
YOR360C,6.51E+03
YOR361C,4.75E+04
YOR362C,1.20E+04
YOR363C,%
YOR364W,-
YOR365C,-
YOR366W,-
YOR367W,1.58E+03
YOR368W,1.89E+02
YOR369C,-
YOR370C,2.38E+04
YOR371C,1.64E+03
YOR372C,7.99E+02
YOR373W,8.92E+02
YOR374W,2.22E+04
YOR375C,7.75E+04
YOR376W,-
YOR377W,1.99E+03
YOR378W,-
YOR379C,-
YOR380W,-
YOR381W,-
YOR382W,-
YOR383C,-
YOR384W,-
YOR385W,5.04E+02
YOR386W,6.88E+02
YOR387C,-
YOR388C,-
YOR389W,-
YOR390W,-
YOR391C,-
YOR392W,-
YOR393W,-
YOR394W,-
YOR396W,-
YPL001W,-
YPL002C,1.04E+03
YPL003W,-
YPL004C,1.04E+05
YPL005W,1.76E+03
YPL006W,5.21E+02
YPL007C,2.07E+03
YPL008W,9.89E+01
YPL009C,7.70E+03
YPL010W,-
YPL011C,3.30E+03
YPL012W,8.17E+03
YPL013C,%
YPL014W,#
YPL015C,5.26E+03
YPL016W,9.23E+01
YPL017C,6.40E+03
YPL018W,1.25E+03
YPL019C,2.63E+03
YPL020C,3.77E+02
YPL021W,-
YPL022W,1.40E+03
YPL023C,-
YPL024W,1.50E+03
YPL025C,-
YPL026C,2.81E+03
YPL027W,-
YPL028W,6.09E+04
YPL029W,1.44E+03
YPL030W,7.72E+03
YPL031C,6.16E+03
YPL032C,2.18E+03
YPL033C,-
YPL034W,#
YPL035C,-
YPL036W,-
YPL037C,1.80E+04
YPL038W,5.21E+02
YPL039W,-
YPL040C,1.27E+03
YPL041C,-
YPL042C,-
YPL043W,4.99E+03
YPL044C,-
YPL045W,1.30E+03
YPL046C,5.38E+02
YPL047W,6.72E+02
YPL048W,6.09E+04
YPL049C,1.46E+03
YPL050C,1.63E+03
YPL051W,1.92E+03
YPL052W,#
YPL053C,4.38E+03
YPL054W,-
YPL055C,2.06E+03
YPL056C,-
YPL057C,#
YPL058C,7.52E+02
YPL059W,6.26E+03
YPL060W,3.96E+02
YPL061W,1.35E+05
YPL062W,-
YPL063W,2.40E+03
YPL064C,2.36E+03
YPL065W,1.42E+03
YPL066W,3.96E+02
YPL067C,1.47E+03
YPL068C,#
YPL069C,2.84E+03
YPL070W,-
YPL071C,%
YPL072W,4.50E+02
YPL073C,-
YPL074W,2.59E+02
YPL075W,2.59E+02
YPL076W,%
YPL077C,-
YPL078C,1.29E+04
YPL079W,6.64E+04
YPL080C,-
YPL081W,1.06E+05
YPL082C,6.56E+03
YPL083C,5.31E+02
YPL084W,1.02E+04
YPL085W,3.58E+02
YPL086C,4.76E+03
YPL087W,-
YPL088W,-
YPL089C,7.36E+02
YPL090C,6.60E+04
YPL091W,7.60E+03
YPL092W,-
YPL093W,2.80E+04
YPL094C,1.65E+04
YPL095C,5.73E+02
YPL096W,4.85E+03
YPL097W,9.96E+02
YPL098C,-
YPL099C,-
YPL100W,6.02E+03
YPL101W,3.58E+02
YPL102C,-
YPL103C,1.78E+02
YPL104W,1.55E+03
YPL105C,8.30E+02
YPL106C,7.17E+04
YPL107W,2.10E+03
YPL108W,#
YPL109C,2.47E+03
YPL110C,2.30E+03
YPL111W,4.28E+04
YPL112C,2.42E+03
YPL113C,-
YPL114W,-
YPL115C,7.52E+02
YPL116W,4.42E+03
YPL117C,2.55E+04
YPL118W,6.56E+02
YPL119C,1.48E+03
YPL120W,2.49E+03
YPL121C,-
YPL122C,8.90E+03
YPL123C,5.04E+02
YPL124W,-
YPL125W,6.30E+03
YPL126W,6.56E+03
YPL127C,6.56E+03
YPL128C,6.38E+03
YPL129W,3.12E+03
YPL130W,-
YPL131W,-
YPL132W,-
YPL133C,7.99E+02
YPL134C,2.84E+03
YPL135W,1.08E+04
YPL136W,-
YPL137C,6.56E+02
YPL138C,1.68E+03
YPL139C,3.04E+03
YPL140C,1.95E+03
YPL141C,5.56E+02
YPL142C,-
YPL143W,-
YPL144W,2.21E+03
YPL145C,3.22E+04
YPL146C,1.60E+03
YPL147W,-
YPL148C,4.86E+02
YPL149W,6.06E+02
YPL150W,%
YPL151C,1.77E+03
YPL152W,2.43E+03
YPL153C,6.90E+03
YPL154C,-
YPL155C,6.56E+02
YPL156C,-
YPL157W,-
YPL158C,2.38E+02
YPL159C,-
YPL160W,1.58E+05
YPL161C,6.33E+03
YPL162C,1.44E+03
YPL163C,6.88E+02
YPL164C,-
YPL165C,-
YPL166W,7.52E+02
YPL167C,-
YPL168W,#
YPL169C,2.83E+03
YPL170W,6.30E+03
YPL171C,-
YPL172C,-
YPL173W,-
YPL174C,2.38E+02
YPL175W,1.48E+03
YPL176C,3.96E+02
YPL177C,5.21E+02
YPL178W,6.20E+03
YPL179W,3.19E+02
YPL180W,2.43E+02
YPL181W,1.59E+03
YPL182C,-
YPL183C,3.45E+03
YPL183W-A,5.38E+02
YPL184C,7.95E+03
YPL185W,-
YPL186C,-
YPL187W,-
YPL188W,4.65E+03
YPL189W,-
YPL190C,5.83E+03
YPL191C,2.05E+03
YPL192C,%
YPL193W,2.59E+02
YPL194W,2.38E+02
YPL195W,1.35E+04
YPL196W,1.56E+03
YPL197C,-
YPL198W,7.08E+03
YPL199C,2.13E+03
YPL200W,-
YPL201C,-
YPL202C,#
YPL203W,2.22E+03
YPL204W,1.03E+04
YPL205C,-
YPL206C,3.27E+03
YPL207W,5.41E+03
YPL208W,4.80E+03
YPL209C,1.49E+02
YPL210C,1.18E+04
YPL211W,5.17E+03
YPL212C,8.13E+03
YPL213W,3.63E+03
YPL214C,#
YPL215W,1.42E+04
YPL216W,3.06E+03
YPL217C,-
YPL218W,-
YPL219W,3.96E+02
YPL220W,1.16E+05
YPL221W,#
YPL222W,2.43E+03
YPL223C,%
YPL224C,-
YPL225W,3.75E+04
YPL226W,3.76E+04
YPL227C,5.80E+03
YPL228W,3.90E+03
YPL229W,9.22E+02
YPL230W,-
YPL231W,1.70E+04
YPL232W,4.50E+02
YPL233W,3.71E+03
YPL234C,5.38E+02
YPL235W,3.03E+03
YPL236C,-
YPL237W,-
YPL238C,-
YPL239W,1.31E+04
YPL240C,4.45E+05
YPL241C,1.63E+03
YPL242C,2.79E+02
YPL243W,6.28E+03
YPL244C,-
YPL245W,1.13E+03
YPL246C,7.85E+03
YPL247C,7.99E+02
YPL248C,1.66E+02
YPL249C,1.94E+03
YPL249C-A,5.37E+03
YPL250C,4.50E+02
YPL251W,-
YPL252C,1.48E+04
YPL253C,-
YPL254W,7.95E+03
YPL255W,9.22E+02
YPL256C,1.27E+03
YPL257W,-
YPL258C,-
YPL259C,4.42E+03
YPL260W,#
YPL261C,-
YPL262W,6.92E+03
YPL263C,4.01E+03
YPL264C,-
YPL265W,4.32E+02
YPL266W,-
YPL267W,6.88E+02
YPL268W,%
YPL269W,6.56E+02
YPL270W,3.39E+03
YPL271W,4.28E+03
YPL272C,-
YPL273W,6.03E+04
YPL274W,1.30E+03
YPL275W,-
YPL276W,-
YPL277C,-
YPL278C,-
YPL279C,-
YPL280W,-
YPL281C,-
YPL282C,-
YPL283C,-
YPR001W,-
YPR002C-A,-
YPR002W,2.73E+03
YPR003C,%
YPR004C,2.95E+03
YPR005C,-
YPR006C,1.08E+03
YPR007C,-
YPR008W,3.39E+02
YPR009W,-
YPR010C,1.41E+04
YPR011C,-
YPR012W,-
YPR013C,1.95E+02
YPR014C,-
YPR015C,-
YPR016C,1.86E+04
YPR016W-A,-
YPR017C,1.50E+03
YPR018W,1.59E+03
YPR019W,8.80E+03
YPR020W,%
YPR021C,-
YPR022C,2.38E+02
YPR023C,1.89E+03
YPR024W,2.01E+04
YPR025C,8.70E+03
YPR026W,-
YPR027C,-
YPR028W,1.76E+03
YPR029C,4.85E+03
YPR030W,-
YPR031W,1.72E+02
YPR032W,%
YPR033C,2.68E+04
YPR034W,1.36E+03
YPR035W,3.46E+05
YPR036W,2.25E+04
YPR037C,2.59E+02
YPR038W,-
YPR039W,-
YPR040W,5.71E+03
YPR041W,4.83E+04
YPR042C,3.77E+02
YPR043W,4.46E+04
YPR044C,-
YPR045C,3.36E+03
YPR046W,2.79E+02
YPR047W,1.80E+03
YPR048W,%
YPR049C,8.55E+01
YPR050C,-
YPR051W,1.94E+03
YPR052C,3.87E+03
YPR053C,-
YPR054W,-
YPR055W,-
YPR056W,4.63E+03
YPR057W,1.87E+03
YPR058W,-
YPR059C,-
YPR060C,%
YPR061C,4.14E+02
YPR062W,5.18E+03
YPR063C,2.14E+03
YPR064W,-
YPR065W,2.38E+02
YPR066W,7.52E+02
YPR067W,1.56E+03
YPR068C,5.38E+02
YPR069C,-
YPR070W,4.67E+03
YPR071W,#
YPR072W,5.11E+03
YPR073C,3.50E+03
YPR074C,4.03E+04
YPR074W-A,%
YPR075C,1.16E+03
YPR076W,-
YPR077C,-
YPR078C,-
YPR079W,#
YPR080W,3.77E+02
YPR081C,2.29E+03
YPR082C,-
YPR083W,4.14E+02
YPR084W,-
YPR085C,-
YPR086W,6.75E+03
YPR087W,-
YPR088C,-
YPR089W,-
YPR090W,3.69E+03
YPR091C,8.61E+02
YPR092W,-
YPR093C,-
YPR094W,-
YPR095C,2.79E+02
YPR096C,-
YPR097W,3.08E+03
YPR098C,7.52E+02
YPR099C,-
YPR100W,3.39E+03
YPR101W,7.21E+02
YPR102C,3.90E+04
YPR103W,8.53E+03
YPR104C,6.39E+02
YPR105C,1.62E+03
YPR106W,5.21E+02
YPR107C,3.69E+03
YPR108W,5.19E+04
YPR109W,-
YPR110C,1.30E+04
YPR111W,3.32E+03
YPR112C,2.22E+03
YPR113W,3.81E+03
YPR114W,1.92E+03
YPR115W,3.00E+02
YPR116W,2.14E+03
YPR117W,-
YPR118W,9.22E+02
YPR119W,3.39E+02
YPR120C,5.21E+02
YPR121W,-
YPR122W,6.23E+02
YPR123C,-
YPR124W,1.18E+03
YPR125W,1.13E+04
YPR126C,-
YPR127W,2.19E+03
YPR128C,2.25E+03
YPR129W,1.28E+03
YPR130C,-
YPR131C,6.39E+02
YPR132W,3.34E+03
YPR133C,2.83E+03
YPR133W-A,-
YPR134W,8.61E+02
YPR135W,3.28E+03
YPR136C,-
YPR137W,5.13E+03
YPR138C,3.82E+03
YPR139C,6.63E+03
YPR140W,1.34E+03
YPR141C,3.25E+03
YPR142C,-
YPR143W,6.20E+03
YPR144C,1.63E+03
YPR145W,-
YPR146C,-
YPR147C,2.01E+03
YPR148C,%
YPR149W,#
YPR150W,-
YPR151C,-
YPR152C,1.31E+03
YPR153W,-
YPR154W,2.19E+03
YPR155C,2.94E+03
YPR156C,2.76E+03
YPR157W,-
YPR158W,-
YPR159W,4.76E+03
YPR160W,-
YPR161C,2.07E+03
YPR162C,2.17E+03
YPR163C,2.40E+04
YPR164W,-
YPR165W,-
YPR166C,-
YPR167C,2.17E+02
YPR168W,1.47E+03
YPR169W,7.75E+03
YPR170C,-
YPR171W,7.04E+02
YPR172W,3.58E+02
YPR173C,5.35E+03
YPR174C,3.42E+03
YPR175W,3.11E+03
YPR176C,1.52E+03
YPR177C,-
YPR178W,1.77E+03
YPR179C,1.10E+03
YPR180W,7.43E+03
YPR181C,-
YPR182W,2.57E+03
YPR183W,1.89E+03
YPR184W,1.25E+02
YPR185W,1.49E+02
YPR186C,1.38E+03
YPR187W,6.09E+03
YPR188C,1.13E+03
YPR189W,1.19E+04
YPR190C,2.52E+03
YPR191W,3.57E+04
YPR192W,-
YPR193C,-
YPR194C,-
YPR195C,-
YPR196W,-
YPR197C,-
YPR198W,-
YPR199C,-
YPR200C,-
YPR201W,-
YPR202W,-
YPR203W,-
YPR204W,-